c,g1,g2,v
12,208,213,CCATT
12,679,684,CCATT
12,802,807,CCATT
12,961,966,CCATT
12,1140,1145,CCATT
12,1255,1260,CCATT
12,1819,1824,CCATT
12,1902,1907,CCATT
12,2119,2124,CCATT
12,2353,2358,CCATT
12,2878,2883,CCATT
12,3145,3150,CCATT
12,3406,3411,CCATT
12,3717,3722,CCATT
12,7155,7160,CCATT
12,7375,7380,CCATT
12,7657,7662,CCATT
12,7845,7850,CCATT
12,8017,8022,CCATT
12,8230,8235,CCATT
12,8464,8469,CCATT
12,10172,10177,CCATT
12,10607,10612,CCATT
12,10678,10683,CCATT
12,10928,10933,CCATT
12,11150,11155,CCATT
12,11968,11973,CCATT
12,12043,12048,CCATT
12,12529,12534,CCATT
12,12633,12638,CCATT
12,12929,12934,CCATT
12,13791,13796,CCATT
12,13807,13812,CCATT
12,14348,14353,CCATT
12,14647,14652,CCATT
12,14860,14865,CCATT
12,15298,15303,CCATT
12,16306,16311,CCATT
12,16810,16815,CCATT
12,17438,17443,CCATT
12,17654,17659,CCATT
12,18435,18440,CCATT
12,18587,18592,CCATT
12,19276,19281,CCATT
12,19295,19300,CCATT
12,19306,19311,CCATT
12,20125,20130,CCATT
12,20261,20266,CCATT
12,20549,20554,CCATT
12,20906,20911,CCATT
12,21486,21491,CCATT
12,22192,22197,CCATT
12,22861,22866,CCATT
12,23167,23172,CCATT
12,23208,23213,CCATT
12,23909,23914,CCATT
12,24132,24137,CCATT
12,25011,25016,CCATT
12,25455,25460,CCATT
12,25641,25646,CCATT
12,26322,26327,CCATT
12,26362,26367,CCATT
12,26471,26476,CCATT
12,27966,27971,CCATT
12,27983,27988,CCATT
12,30149,30154,CCATT
12,30173,30178,CCATT
12,30348,30353,CCATT
12,30858,30863,CCATT
12,31029,31034,CCATT
12,31526,31531,CCATT
12,31844,31849,CCATT
12,32367,32372,CCATT
12,32471,32476,CCATT
12,33840,33845,CCATT
12,35398,35403,CCATT
12,36367,36372,CCATT
12,88,93,CAGTA
12,109,114,CAGTA
12,214,219,CAGTA
12,250,255,CAGTA
12,349,354,CAGTA
12,580,585,CAGTA
12,1156,1161,CAGTA
12,2401,2406,CAGTA
12,2452,2457,CAGTA
12,2980,2985,CAGTA
12,4520,4525,CAGTA
12,5203,5208,CAGTA
12,6001,6006,CAGTA
12,6268,6273,CAGTA
12,7090,7095,CAGTA
12,7822,7827,CAGTA
12,8143,8148,CAGTA
12,8882,8887,CAGTA
12,11111,11116,CAGTA
12,11537,11542,CAGTA
12,12251,12256,CAGTA
12,13440,13445,CAGTA
12,14097,14102,CAGTA
12,14220,14225,CAGTA
12,14623,14628,CAGTA
12,14758,14763,CAGTA
12,15538,15543,CAGTA
12,16387,16392,CAGTA
12,16747,16752,CAGTA
12,16765,16770,CAGTA
12,17083,17088,CAGTA
12,17124,17129,CAGTA
12,19035,19040,CAGTA
12,20801,20806,CAGTA
12,22400,22405,CAGTA
12,23264,23269,CAGTA
12,24142,24147,CAGTA
12,25092,25097,CAGTA
12,25725,25730,CAGTA
12,26055,26060,CAGTA
12,27130,27135,CAGTA
12,29894,29899,CAGTA
12,30251,30256,CAGTA
12,33265,33270,CAGTA
12,35450,35455,CAGTA
12,35740,35745,CAGTA
12,36034,36039,CAGTA
12,281,286,GTTTG
12,631,636,GTTTG
12,912,917,GTTTG
12,1036,1041,GTTTG
12,1044,1049,GTTTG
12,1574,1579,GTTTG
12,2009,2014,GTTTG
12,3210,3215,GTTTG
12,3706,3711,GTTTG
12,4413,4418,GTTTG
12,4788,4793,GTTTG
12,4947,4952,GTTTG
12,5133,5138,GTTTG
12,6965,6970,GTTTG
12,8074,8079,GTTTG
12,8542,8547,GTTTG
12,9441,9446,GTTTG
12,10275,10280,GTTTG
12,10527,10532,GTTTG
12,10698,10703,GTTTG
12,10860,10865,GTTTG
12,11007,11012,GTTTG
12,11448,11453,GTTTG
12,11601,11606,GTTTG
12,11934,11939,GTTTG
12,12328,12333,GTTTG
12,12345,12350,GTTTG
12,13100,13105,GTTTG
12,14885,14890,GTTTG
12,15101,15106,GTTTG
12,15653,15658,GTTTG
12,17545,17550,GTTTG
12,17699,17704,GTTTG
12,18680,18685,GTTTG
12,18935,18940,GTTTG
12,19212,19217,GTTTG
12,19323,19328,GTTTG
12,22740,22745,GTTTG
12,22912,22917,GTTTG
12,24014,24019,GTTTG
12,24180,24185,GTTTG
12,25167,25172,GTTTG
12,25901,25906,GTTTG
12,25949,25954,GTTTG
12,26503,26508,GTTTG
12,26937,26942,GTTTG
12,27386,27391,GTTTG
12,28023,28028,GTTTG
12,29821,29826,GTTTG
12,30848,30853,GTTTG
12,31380,31385,GTTTG
12,32721,32726,GTTTG
12,32928,32933,GTTTG
12,34259,34264,GTTTG
12,170,175,TAATT
12,361,366,TAATT
12,464,469,TAATT
12,683,688,TAATT
12,812,817,TAATT
12,821,826,TAATT
12,1278,1283,TAATT
12,1859,1864,TAATT
12,2267,2272,TAATT
12,2582,2587,TAATT
12,2695,2700,TAATT
12,2750,2755,TAATT
12,2837,2842,TAATT
12,2882,2887,TAATT
12,3065,3070,TAATT
12,3137,3142,TAATT
12,4059,4064,TAATT
12,4068,4073,TAATT
12,4072,4077,TAATT
12,4197,4202,TAATT
12,4400,4405,TAATT
12,4608,4613,TAATT
12,4720,4725,TAATT
12,4981,4986,TAATT
12,5063,5068,TAATT
12,5230,5235,TAATT
12,5275,5280,TAATT
12,5488,5493,TAATT
12,5628,5633,TAATT
12,5698,5703,TAATT
12,5780,5785,TAATT
12,5815,5820,TAATT
12,6100,6105,TAATT
12,6124,6129,TAATT
12,6128,6133,TAATT
12,6446,6451,TAATT
12,6679,6684,TAATT
12,6692,6697,TAATT
12,6896,6901,TAATT
12,7045,7050,TAATT
12,7525,7530,TAATT
12,7619,7624,TAATT
12,7954,7959,TAATT
12,8009,8014,TAATT
12,8119,8124,TAATT
12,9024,9029,TAATT
12,9285,9290,TAATT
12,9705,9710,TAATT
12,10182,10187,TAATT
12,10311,10316,TAATT
12,10689,10694,TAATT
12,11031,11036,TAATT
12,11084,11089,TAATT
12,11088,11093,TAATT
12,11187,11192,TAATT
12,11387,11392,TAATT
12,11559,11564,TAATT
12,11592,11597,TAATT
12,11942,11947,TAATT
12,12015,12020,TAATT
12,12351,12356,TAATT
12,12554,12559,TAATT
12,12934,12939,TAATT
12,12990,12995,TAATT
12,13186,13191,TAATT
12,13215,13220,TAATT
12,13288,13293,TAATT
12,13432,13437,TAATT
12,13459,13464,TAATT
12,13531,13536,TAATT
12,13738,13743,TAATT
12,13799,13804,TAATT
12,13817,13822,TAATT
12,14013,14018,TAATT
12,14203,14208,TAATT
12,14590,14595,TAATT
12,14747,14752,TAATT
12,14921,14926,TAATT
12,15215,15220,TAATT
12,15220,15225,TAATT
12,15437,15442,TAATT
12,15772,15777,TAATT
12,15899,15904,TAATT
12,16035,16040,TAATT
12,16052,16057,TAATT
12,16102,16107,TAATT
12,16109,16114,TAATT
12,16439,16444,TAATT
12,16702,16707,TAATT
12,17008,17013,TAATT
12,17057,17062,TAATT
12,17141,17146,TAATT
12,17348,17353,TAATT
12,17355,17360,TAATT
12,17368,17373,TAATT
12,17492,17497,TAATT
12,17509,17514,TAATT
12,17636,17641,TAATT
12,18193,18198,TAATT
12,18219,18224,TAATT
12,18239,18244,TAATT
12,18916,18921,TAATT
12,18945,18950,TAATT
12,18981,18986,TAATT
12,19469,19474,TAATT
12,19623,19628,TAATT
12,19647,19652,TAATT
12,19796,19801,TAATT
12,19923,19928,TAATT
12,19991,19996,TAATT
12,20140,20145,TAATT
12,20433,20438,TAATT
12,20652,20657,TAATT
12,20669,20674,TAATT
12,20673,20678,TAATT
12,20755,20760,TAATT
12,20759,20764,TAATT
12,20943,20948,TAATT
12,21558,21563,TAATT
12,21741,21746,TAATT
12,21768,21773,TAATT
12,21821,21826,TAATT
12,21869,21874,TAATT
12,22011,22016,TAATT
12,22062,22067,TAATT
12,22103,22108,TAATT
12,22115,22120,TAATT
12,22149,22154,TAATT
12,22305,22310,TAATT
12,22364,22369,TAATT
12,22383,22388,TAATT
12,22440,22445,TAATT
12,22724,22729,TAATT
12,23058,23063,TAATT
12,23317,23322,TAATT
12,23543,23548,TAATT
12,23567,23572,TAATT
12,23749,23754,TAATT
12,24445,24450,TAATT
12,24528,24533,TAATT
12,24546,24551,TAATT
12,24672,24677,TAATT
12,24966,24971,TAATT
12,24990,24995,TAATT
12,25158,25163,TAATT
12,25391,25396,TAATT
12,26026,26031,TAATT
12,26245,26250,TAATT
12,26266,26271,TAATT
12,26622,26627,TAATT
12,26775,26780,TAATT
12,26881,26886,TAATT
12,26903,26908,TAATT
12,27023,27028,TAATT
12,27064,27069,TAATT
12,27173,27178,TAATT
12,27206,27211,TAATT
12,27284,27289,TAATT
12,27368,27373,TAATT
12,27403,27408,TAATT
12,27557,27562,TAATT
12,27701,27706,TAATT
12,28232,28237,TAATT
12,28436,28441,TAATT
12,28795,28800,TAATT
12,29069,29074,TAATT
12,29093,29098,TAATT
12,29162,29167,TAATT
12,29496,29501,TAATT
12,29506,29511,TAATT
12,29622,29627,TAATT
12,29967,29972,TAATT
12,30192,30197,TAATT
12,30417,30422,TAATT
12,30901,30906,TAATT
12,30965,30970,TAATT
12,31289,31294,TAATT
12,31294,31299,TAATT
12,31483,31488,TAATT
12,31587,31592,TAATT
12,31950,31955,TAATT
12,32142,32147,TAATT
12,32451,32456,TAATT
12,32892,32897,TAATT
12,32972,32977,TAATT
12,33056,33061,TAATT
12,33215,33220,TAATT
12,33455,33460,TAATT
12,33497,33502,TAATT
12,33599,33604,TAATT
12,33767,33772,TAATT
12,33850,33855,TAATT
12,34438,34443,TAATT
12,34603,34608,TAATT
12,34865,34870,TAATT
12,35032,35037,TAATT
12,35056,35061,TAATT
12,35813,35818,TAATT
12,35923,35928,TAATT
12,35991,35996,TAATT
12,35995,36000,TAATT
12,46,51,TTTTA
12,499,504,TTTTA
12,728,733,TTTTA
12,988,993,TTTTA
12,1183,1188,TTTTA
12,1360,1365,TTTTA
12,1371,1376,TTTTA
12,1440,1445,TTTTA
12,1774,1779,TTTTA
12,2290,2295,TTTTA
12,2834,2839,TTTTA
12,3487,3492,TTTTA
12,3672,3677,TTTTA
12,4122,4127,TTTTA
12,4181,4186,TTTTA
12,4220,4225,TTTTA
12,4326,4331,TTTTA
12,4460,4465,TTTTA
12,4535,4540,TTTTA
12,4653,4658,TTTTA
12,4682,4687,TTTTA
12,5022,5027,TTTTA
12,5177,5182,TTTTA
12,5582,5587,TTTTA
12,6013,6018,TTTTA
12,6349,6354,TTTTA
12,6562,6567,TTTTA
12,6920,6925,TTTTA
12,7048,7053,TTTTA
12,7169,7174,TTTTA
12,7573,7578,TTTTA
12,7588,7593,TTTTA
12,7778,7783,TTTTA
12,7799,7804,TTTTA
12,8621,8626,TTTTA
12,8653,8658,TTTTA
12,9000,9005,TTTTA
12,9386,9391,TTTTA
12,9485,9490,TTTTA
12,9674,9679,TTTTA
12,9759,9764,TTTTA
12,9921,9926,TTTTA
12,11486,11491,TTTTA
12,11583,11588,TTTTA
12,11606,11611,TTTTA
12,11672,11677,TTTTA
12,12144,12149,TTTTA
12,12182,12187,TTTTA
12,12462,12467,TTTTA
12,12604,12609,TTTTA
12,12649,12654,TTTTA
12,13090,13095,TTTTA
12,13173,13178,TTTTA
12,13348,13353,TTTTA
12,13429,13434,TTTTA
12,13546,13551,TTTTA
12,13593,13598,TTTTA
12,13723,13728,TTTTA
12,13794,13799,TTTTA
12,13814,13819,TTTTA
12,13823,13828,TTTTA
12,13965,13970,TTTTA
12,14313,14318,TTTTA
12,14370,14375,TTTTA
12,14450,14455,TTTTA
12,14471,14476,TTTTA
12,14557,14562,TTTTA
12,14632,14637,TTTTA
12,14851,14856,TTTTA
12,14878,14883,TTTTA
12,15139,15144,TTTTA
12,15283,15288,TTTTA
12,15292,15297,TTTTA
12,15323,15328,TTTTA
12,15691,15696,TTTTA
12,15922,15927,TTTTA
12,16038,16043,TTTTA
12,16074,16079,TTTTA
12,16313,16318,TTTTA
12,16471,16476,TTTTA
12,16483,16488,TTTTA
12,16499,16504,TTTTA
12,16588,16593,TTTTA
12,16846,16851,TTTTA
12,17190,17195,TTTTA
12,17195,17200,TTTTA
12,17201,17206,TTTTA
12,17238,17243,TTTTA
12,17444,17449,TTTTA
12,17948,17953,TTTTA
12,18127,18132,TTTTA
12,18595,18600,TTTTA
12,18612,18617,TTTTA
12,18832,18837,TTTTA
12,18967,18972,TTTTA
12,18993,18998,TTTTA
12,19123,19128,TTTTA
12,19201,19206,TTTTA
12,19228,19233,TTTTA
12,19354,19359,TTTTA
12,19387,19392,TTTTA
12,19661,19666,TTTTA
12,19668,19673,TTTTA
12,20406,20411,TTTTA
12,20823,20828,TTTTA
12,21108,21113,TTTTA
12,21300,21305,TTTTA
12,21490,21495,TTTTA
12,21511,21516,TTTTA
12,21748,21753,TTTTA
12,21838,21843,TTTTA
12,21960,21965,TTTTA
12,22074,22079,TTTTA
12,22112,22117,TTTTA
12,22649,22654,TTTTA
12,22836,22841,TTTTA
12,22887,22892,TTTTA
12,23258,23263,TTTTA
12,23524,23529,TTTTA
12,23592,23597,TTTTA
12,23923,23928,TTTTA
12,23957,23962,TTTTA
12,23985,23990,TTTTA
12,24063,24068,TTTTA
12,24327,24332,TTTTA
12,24396,24401,TTTTA
12,24564,24569,TTTTA
12,24630,24635,TTTTA
12,24826,24831,TTTTA
12,24913,24918,TTTTA
12,25055,25060,TTTTA
12,25149,25154,TTTTA
12,25609,25614,TTTTA
12,25668,25673,TTTTA
12,25942,25947,TTTTA
12,26277,26282,TTTTA
12,26455,26460,TTTTA
12,26510,26515,TTTTA
12,26537,26542,TTTTA
12,26553,26558,TTTTA
12,26676,26681,TTTTA
12,26802,26807,TTTTA
12,26898,26903,TTTTA
12,26923,26928,TTTTA
12,27203,27208,TTTTA
12,27281,27286,TTTTA
12,27290,27295,TTTTA
12,27709,27714,TTTTA
12,27767,27772,TTTTA
12,27892,27897,TTTTA
12,27991,27996,TTTTA
12,28090,28095,TTTTA
12,28121,28126,TTTTA
12,28307,28312,TTTTA
12,28658,28663,TTTTA
12,28720,28725,TTTTA
12,28912,28917,TTTTA
12,29107,29112,TTTTA
12,29415,29420,TTTTA
12,30114,30119,TTTTA
12,30158,30163,TTTTA
12,30406,30411,TTTTA
12,30519,30524,TTTTA
12,30873,30878,TTTTA
12,30879,30884,TTTTA
12,30898,30903,TTTTA
12,30988,30993,TTTTA
12,31068,31073,TTTTA
12,31095,31100,TTTTA
12,31203,31208,TTTTA
12,31491,31496,TTTTA
12,31529,31534,TTTTA
12,31614,31619,TTTTA
12,31677,31682,TTTTA
12,31762,31767,TTTTA
12,31917,31922,TTTTA
12,31938,31943,TTTTA
12,32010,32015,TTTTA
12,32310,32315,TTTTA
12,32880,32885,TTTTA
12,32889,32894,TTTTA
12,33008,33013,TTTTA
12,33469,33474,TTTTA
12,33857,33862,TTTTA
12,34252,34257,TTTTA
12,34441,34446,TTTTA
12,34635,34640,TTTTA
12,34780,34785,TTTTA
12,34862,34867,TTTTA
12,35007,35012,TTTTA
12,35158,35163,TTTTA
12,35665,35670,TTTTA
12,35729,35734,TTTTA
12,36111,36116,TTTTA
12,235,241,CAACAC
12,412,418,CAACAC
12,481,487,CAACAC
12,562,568,CAACAC
12,1666,1672,CAACAC
12,3220,3226,CAACAC
12,4268,4274,CAACAC
12,4352,4358,CAACAC
12,6748,6754,CAACAC
12,10385,10391,CAACAC
12,12512,12518,CAACAC
12,14187,14193,CAACAC
12,15232,15238,CAACAC
12,18157,18163,CAACAC
12,18882,18888,CAACAC
12,22043,22049,CAACAC
12,23618,23624,CAACAC
12,27715,27721,CAACAC
12,28726,28732,CAACAC
12,29005,29011,CAACAC
12,30942,30948,CAACAC
12,32742,32748,CAACAC
12,34153,34159,CAACAC
12,35552,35558,CAACAC
12,411,417,GCAACA
12,576,582,GCAACA
12,5616,5622,GCAACA
12,6747,6753,GCAACA
12,12511,12517,GCAACA
12,14664,14670,GCAACA
12,18881,18887,GCAACA
12,21365,21371,GCAACA
12,22042,22048,GCAACA
12,24434,24440,GCAACA
12,25538,25544,GCAACA
12,29004,29010,GCAACA
12,32741,32747,GCAACA
12,35551,35557,GCAACA
12,615,620,ACTGG
12,2337,2342,ACTGG
12,2790,2795,ACTGG
12,3884,3889,ACTGG
12,3935,3940,ACTGG
12,5154,5159,ACTGG
12,5373,5378,ACTGG
12,5676,5681,ACTGG
12,7827,7832,ACTGG
12,8439,8444,ACTGG
12,9457,9462,ACTGG
12,11404,11409,ACTGG
12,13682,13687,ACTGG
12,15702,15707,ACTGG
12,15861,15866,ACTGG
12,16146,16151,ACTGG
12,18638,18643,ACTGG
12,23573,23578,ACTGG
12,30974,30979,ACTGG
12,34215,34220,ACTGG
12,35000,35005,ACTGG
12,35280,35285,ACTGG
12,530,535,AACTT
12,542,547,AACTT
12,797,802,AACTT
12,845,850,AACTT
12,1523,1528,AACTT
12,1634,1639,AACTT
12,2081,2086,AACTT
12,2213,2218,AACTT
12,2609,2614,AACTT
12,3281,3286,AACTT
12,3877,3882,AACTT
12,3925,3930,AACTT
12,4085,4090,AACTT
12,4891,4896,AACTT
12,4963,4968,AACTT
12,5144,5149,AACTT
12,5220,5225,AACTT
12,5332,5337,AACTT
12,5466,5471,AACTT
12,5495,5500,AACTT
12,5567,5572,AACTT
12,5984,5989,AACTT
12,5990,5995,AACTT
12,7114,7119,AACTT
12,7550,7555,AACTT
12,8105,8110,AACTT
12,8657,8662,AACTT
12,8886,8891,AACTT
12,8997,9002,AACTT
12,9017,9022,AACTT
12,9816,9821,AACTT
12,10021,10026,AACTT
12,10578,10583,AACTT
12,10656,10661,AACTT
12,10782,10787,AACTT
12,10832,10837,AACTT
12,11313,11318,AACTT
12,12111,12116,AACTT
12,12414,12419,AACTT
12,12559,12564,AACTT
12,12870,12875,AACTT
12,13352,13357,AACTT
12,13395,13400,AACTT
12,13450,13455,AACTT
12,13585,13590,AACTT
12,13969,13974,AACTT
12,14224,14229,AACTT
12,14528,14533,AACTT
12,14617,14622,AACTT
12,14768,14773,AACTT
12,14930,14935,AACTT
12,15170,15175,AACTT
12,15257,15262,AACTT
12,15641,15646,AACTT
12,15908,15913,AACTT
12,16097,16102,AACTT
12,16139,16144,AACTT
12,16191,16196,AACTT
12,16214,16219,AACTT
12,16223,16228,AACTT
12,16256,16261,AACTT
12,16268,16273,AACTT
12,16328,16333,AACTT
12,16592,16597,AACTT
12,16646,16651,AACTT
12,16798,16803,AACTT
12,16837,16842,AACTT
12,17662,17667,AACTT
12,18393,18398,AACTT
12,19198,19203,AACTT
12,20046,20051,AACTT
12,21051,21056,AACTT
12,21124,21129,AACTT
12,21389,21394,AACTT
12,21710,21715,AACTT
12,21883,21888,AACTT
12,22095,22100,AACTT
12,22645,22650,AACTT
12,23710,23715,AACTT
12,23780,23785,AACTT
12,23814,23819,AACTT
12,23902,23907,AACTT
12,24238,24243,AACTT
12,25243,25248,AACTT
12,25340,25345,AACTT
12,25425,25430,AACTT
12,25501,25506,AACTT
12,25833,25838,AACTT
12,25852,25857,AACTT
12,25960,25965,AACTT
12,26574,26579,AACTT
12,26762,26767,AACTT
12,26876,26881,AACTT
12,26987,26992,AACTT
12,27464,27469,AACTT
12,27545,27550,AACTT
12,27926,27931,AACTT
12,28094,28099,AACTT
12,28165,28170,AACTT
12,28346,28351,AACTT
12,28949,28954,AACTT
12,29171,29176,AACTT
12,29206,29211,AACTT
12,29529,29534,AACTT
12,29641,29646,AACTT
12,29685,29690,AACTT
12,29766,29771,AACTT
12,29945,29950,AACTT
12,30889,30894,AACTT
12,30895,30900,AACTT
12,31799,31804,AACTT
12,32180,32185,AACTT
12,32580,32585,AACTT
12,32642,32647,AACTT
12,33236,33241,AACTT
12,33276,33281,AACTT
12,33464,33469,AACTT
12,33935,33940,AACTT
12,33947,33952,AACTT
12,34576,34581,AACTT
12,34702,34707,AACTT
12,34903,34908,AACTT
12,511,516,CATGT
12,839,844,CATGT
12,983,988,CATGT
12,1112,1117,CATGT
12,1222,1227,CATGT
12,1709,1714,CATGT
12,3100,3105,CATGT
12,3554,3559,CATGT
12,4626,4631,CATGT
12,4770,4775,CATGT
12,4785,4790,CATGT
12,6040,6045,CATGT
12,7120,7125,CATGT
12,8381,8386,CATGT
12,9281,9286,CATGT
12,9300,9305,CATGT
12,9318,9323,CATGT
12,9641,9646,CATGT
12,9845,9850,CATGT
12,10264,10269,CATGT
12,10379,10384,CATGT
12,10503,10508,CATGT
12,10766,10771,CATGT
12,14785,14790,CATGT
12,14942,14947,CATGT
12,15481,15486,CATGT
12,16658,16663,CATGT
12,18007,18012,CATGT
12,18143,18148,CATGT
12,18360,18365,CATGT
12,18426,18431,CATGT
12,18523,18528,CATGT
12,18645,18650,CATGT
12,19557,19562,CATGT
12,20225,20230,CATGT
12,21245,21250,CATGT
12,21420,21425,CATGT
12,22782,22787,CATGT
12,22997,23002,CATGT
12,24225,24230,CATGT
12,25086,25091,CATGT
12,25735,25740,CATGT
12,26229,26234,CATGT
12,26286,26291,CATGT
12,26583,26588,CATGT
12,27641,27646,CATGT
12,27841,27846,CATGT
12,28066,28071,CATGT
12,29152,29157,CATGT
12,29314,29319,CATGT
12,29914,29919,CATGT
12,30384,30389,CATGT
12,30642,30647,CATGT
12,30723,30728,CATGT
12,31257,31262,CATGT
12,31417,31422,CATGT
12,33336,33341,CATGT
12,35898,35903,CATGT
12,809,815,TACTAA
12,863,869,TACTAA
12,944,950,TACTAA
12,2171,2177,TACTAA
12,4081,4087,TACTAA
12,4605,4611,TACTAA
12,4717,4723,TACTAA
12,8813,8819,TACTAA
12,9702,9708,TACTAA
12,13528,13534,TACTAA
12,13726,13732,TACTAA
12,15071,15077,TACTAA
12,16172,16178,TACTAA
12,17658,17664,TACTAA
12,21825,21831,TACTAA
12,25918,25924,TACTAA
12,26149,26155,TACTAA
12,26522,26528,TACTAA
12,26857,26863,TACTAA
12,35018,35024,TACTAA
12,36306,36312,TACTAA
12,962,968,CATTTG
12,2483,2489,CATTTG
12,2992,2998,CATTTG
12,3407,3413,CATTTG
12,5507,5513,CATTTG
12,6077,6083,CATTTG
12,7156,7162,CATTTG
12,7180,7186,CATTTG
12,7376,7382,CATTTG
12,10929,10935,CATTTG
12,11453,11459,CATTTG
12,16307,16313,CATTTG
12,18900,18906,CATTTG
12,19361,19367,CATTTG
12,21096,21102,CATTTG
12,22026,22032,CATTTG
12,22862,22868,CATTTG
12,23458,23464,CATTTG
12,24423,24429,CATTTG
12,24945,24951,CATTTG
12,25560,25566,CATTTG
12,25810,25816,CATTTG
12,26323,26329,CATTTG
12,26498,26504,CATTTG
12,30174,30180,CATTTG
12,32472,32478,CATTTG
12,32634,32640,CATTTG
12,327,332,ACGTA
12,419,424,ACGTA
12,993,998,ACGTA
12,1580,1585,ACGTA
12,2535,2540,ACGTA
12,3266,3271,ACGTA
12,3844,3849,ACGTA
12,4293,4298,ACGTA
12,4341,4346,ACGTA
12,4440,4445,ACGTA
12,4602,4607,ACGTA
12,5501,5506,ACGTA
12,7060,7065,ACGTA
12,8477,8482,ACGTA
12,9699,9704,ACGTA
12,9798,9803,ACGTA
12,10353,10358,ACGTA
12,10920,10925,ACGTA
12,11136,11141,ACGTA
12,11202,11207,ACGTA
12,11706,11711,ACGTA
12,11775,11780,ACGTA
12,11838,11843,ACGTA
12,11880,11885,ACGTA
12,11884,11889,ACGTA
12,12056,12061,ACGTA
12,12573,12578,ACGTA
12,14155,14160,ACGTA
12,14200,14205,ACGTA
12,14212,14217,ACGTA
12,15000,15005,ACGTA
12,17408,17413,ACGTA
12,17489,17494,ACGTA
12,19412,19417,ACGTA
12,21547,21552,ACGTA
12,25222,25227,ACGTA
12,26023,26028,ACGTA
12,26686,26691,ACGTA
12,28218,28223,ACGTA
12,33404,33409,ACGTA
12,33521,33526,ACGTA
12,34007,34012,ACGTA
12,34958,34963,ACGTA
12,35215,35220,ACGTA
12,36208,36213,ACGTA
12,142,147,TACCG
12,952,957,TACCG
12,1210,1215,TACCG
12,1558,1563,TACCG
12,2423,2428,TACCG
12,3514,3519,TACCG
12,5819,5824,TACCG
12,6016,6021,TACCG
12,9230,9235,TACCG
12,9776,9781,TACCG
12,11249,11254,TACCG
12,15764,15769,TACCG
12,24885,24890,TACCG
12,28831,28836,TACCG
12,33244,33249,TACCG
12,33827,33832,TACCG
12,34328,34333,TACCG
12,35069,35074,TACCG
12,36057,36062,TACCG
12,1289,1294,AATAT
12,1499,1504,AATAT
12,3645,3650,AATAT
12,4177,4182,AATAT
12,4299,4304,AATAT
12,4854,4859,AATAT
12,5018,5023,AATAT
12,5441,5446,AATAT
12,5786,5791,AATAT
12,6071,6076,AATAT
12,6242,6247,AATAT
12,6860,6865,AATAT
12,6958,6963,AATAT
12,7007,7012,AATAT
12,7041,7046,AATAT
12,9260,9265,AATAT
12,9909,9914,AATAT
12,9936,9941,AATAT
12,9993,9998,AATAT
12,10056,10061,AATAT
12,11079,11084,AATAT
12,11229,11234,AATAT
12,11780,11785,AATAT
12,12628,12633,AATAT
12,12669,12674,AATAT
12,12809,12814,AATAT
12,14523,14528,AATAT
12,14550,14555,AATAT
12,15496,15501,AATAT
12,16612,16617,AATAT
12,16740,16745,AATAT
12,16955,16960,AATAT
12,17459,17464,AATAT
12,17781,17786,AATAT
12,18041,18046,AATAT
12,18448,18453,AATAT
12,18791,18796,AATAT
12,19013,19018,AATAT
12,19271,19276,AATAT
12,19312,19317,AATAT
12,19534,19539,AATAT
12,19869,19874,AATAT
12,19890,19895,AATAT
12,20058,20063,AATAT
12,20112,20117,AATAT
12,20781,20786,AATAT
12,21019,21024,AATAT
12,21088,21093,AATAT
12,21112,21117,AATAT
12,21581,21586,AATAT
12,21670,21675,AATAT
12,22746,22751,AATAT
12,22878,22883,AATAT
12,23346,23351,AATAT
12,23422,23427,AATAT
12,23580,23585,AATAT
12,23688,23693,AATAT
12,23789,23794,AATAT
12,23927,23932,AATAT
12,24148,24153,AATAT
12,24313,24318,AATAT
12,24382,24387,AATAT
12,24475,24480,AATAT
12,24665,24670,AATAT
12,24722,24727,AATAT
12,25252,25257,AATAT
12,25822,25827,AATAT
12,26059,26064,AATAT
12,26560,26565,AATAT
12,26659,26664,AATAT
12,27018,27023,AATAT
12,27140,27145,AATAT
12,27476,27481,AATAT
12,27529,27534,AATAT
12,27935,27940,AATAT
12,28265,28270,AATAT
12,28391,28396,AATAT
12,28466,28471,AATAT
12,28970,28975,AATAT
12,29039,29044,AATAT
12,30042,30047,AATAT
12,30369,30374,AATAT
12,30477,30482,AATAT
12,30649,30654,AATAT
12,30994,30999,AATAT
12,31009,31014,AATAT
12,31117,31122,AATAT
12,31174,31179,AATAT
12,31572,31577,AATAT
12,31652,31657,AATAT
12,31665,31670,AATAT
12,31821,31826,AATAT
12,32154,32159,AATAT
12,32304,32309,AATAT
12,32399,32404,AATAT
12,32964,32969,AATAT
12,33014,33019,AATAT
12,33082,33087,AATAT
12,33158,33163,AATAT
12,33188,33193,AATAT
12,33209,33214,AATAT
12,33269,33274,AATAT
12,33432,33437,AATAT
12,33503,33508,AATAT
12,33512,33517,AATAT
12,33977,33982,AATAT
12,34145,34150,AATAT
12,34292,34297,AATAT
12,35154,35159,AATAT
12,35179,35184,AATAT
12,35244,35249,AATAT
12,35524,35529,AATAT
12,36087,36092,AATAT
12,425,431,TAATGC
12,731,737,TAATGC
12,866,872,TAATGC
12,1376,1382,TAATGC
12,2621,2627,TAATGC
12,3973,3979,TAATGC
12,8366,8372,TAATGC
12,10167,10173,TAATGC
12,10965,10971,TAATGC
12,11303,11309,TAATGC
12,11832,11838,TAATGC
12,12796,12802,TAATGC
12,14020,14026,TAATGC
12,15848,15854,TAATGC
12,19133,19139,TAATGC
12,21714,21720,TAATGC
12,22377,22383,TAATGC
12,23325,23331,TAATGC
12,24211,24217,TAATGC
12,24891,24897,TAATGC
12,24976,24982,TAATGC
12,28451,28457,TAATGC
12,29124,29130,TAATGC
12,30717,30723,TAATGC
12,33536,33542,TAATGC
12,34313,34319,TAATGC
12,39,44,ATCTT
12,1502,1507,ATCTT
12,1916,1921,ATCTT
12,2294,2299,ATCTT
12,2411,2416,ATCTT
12,3676,3681,ATCTT
12,3796,3801,ATCTT
12,4897,4902,ATCTT
12,5728,5733,ATCTT
12,5771,5776,ATCTT
12,5789,5794,ATCTT
12,6299,6304,ATCTT
12,6456,6461,ATCTT
12,6599,6604,ATCTT
12,6637,6642,ATCTT
12,7071,7076,ATCTT
12,7217,7222,ATCTT
12,7259,7264,ATCTT
12,7289,7294,ATCTT
12,8210,8215,ATCTT
12,8609,8614,ATCTT
12,8848,8853,ATCTT
12,8982,8987,ATCTT
12,9600,9605,ATCTT
12,9616,9621,ATCTT
12,9655,9660,ATCTT
12,9854,9859,ATCTT
12,9918,9923,ATCTT
12,10080,10085,ATCTT
12,10722,10727,ATCTT
12,11115,11120,ATCTT
12,11895,11900,ATCTT
12,12258,12263,ATCTT
12,12679,12684,ATCTT
12,13135,13140,ATCTT
12,13228,13233,ATCTT
12,13263,13268,ATCTT
12,13543,13548,ATCTT
12,14032,14037,ATCTT
12,14074,14079,ATCTT
12,14720,14725,ATCTT
12,15389,15394,ATCTT
12,15623,15628,ATCTT
12,15743,15748,ATCTT
12,15788,15793,ATCTT
12,16078,16083,ATCTT
12,16496,16501,ATCTT
12,16973,16978,ATCTT
12,17301,17306,ATCTT
12,18443,18448,ATCTT
12,18592,18597,ATCTT
12,18955,18960,ATCTT
12,19016,19021,ATCTT
12,19081,19086,ATCTT
12,19484,19489,ATCTT
12,19587,19592,ATCTT
12,19635,19640,ATCTT
12,20027,20032,ATCTT
12,20367,20372,ATCTT
12,20514,20519,ATCTT
12,20598,20603,ATCTT
12,20893,20898,ATCTT
12,21007,21012,ATCTT
12,21336,21341,ATCTT
12,21933,21938,ATCTT
12,22404,22409,ATCTT
12,22830,22835,ATCTT
12,23094,23099,ATCTT
12,23241,23246,ATCTT
12,23268,23273,ATCTT
12,23378,23383,ATCTT
12,23466,23471,ATCTT
12,23974,23979,ATCTT
12,25282,25287,ATCTT
12,25372,25377,ATCTT
12,25749,25754,ATCTT
12,26002,26007,ATCTT
12,26599,26604,ATCTT
12,26615,26620,ATCTT
12,26701,26706,ATCTT
12,27038,27043,ATCTT
12,27320,27325,ATCTT
12,27362,27367,ATCTT
12,27764,27769,ATCTT
12,27818,27823,ATCTT
12,27851,27856,ATCTT
12,27938,27943,ATCTT
12,28079,28084,ATCTT
12,28655,28660,ATCTT
12,29144,29149,ATCTT
12,29189,29194,ATCTT
12,29430,29435,ATCTT
12,30213,30218,ATCTT
12,30451,30456,ATCTT
12,30515,30520,ATCTT
12,30598,30603,ATCTT
12,30652,30657,ATCTT
12,30781,30786,ATCTT
12,31189,31194,ATCTT
12,31354,31359,ATCTT
12,31607,31612,ATCTT
12,31697,31702,ATCTT
12,31709,31714,ATCTT
12,32402,32407,ATCTT
12,32752,32757,ATCTT
12,32871,32876,ATCTT
12,33308,33313,ATCTT
12,33560,33565,ATCTT
12,33649,33654,ATCTT
12,33719,33724,ATCTT
12,33788,33793,ATCTT
12,33884,33889,ATCTT
12,34091,34096,ATCTT
12,34769,34774,ATCTT
12,34927,34932,ATCTT
12,35597,35602,ATCTT
12,1029,1034,TAGTG
12,1533,1538,TAGTG
12,1549,1554,TAGTG
12,2711,2716,TAGTG
12,3689,3694,TAGTG
12,7135,7140,TAGTG
12,10900,10905,TAGTG
12,10909,10914,TAGTG
12,14163,14168,TAGTG
12,15240,15245,TAGTG
12,15317,15322,TAGTG
12,18688,18693,TAGTG
12,20085,20090,TAGTG
12,24905,24910,TAGTG
12,30264,30269,TAGTG
12,30409,30414,TAGTG
12,31206,31211,TAGTG
12,31266,31271,TAGTG
12,32584,32589,TAGTG
12,35955,35960,TAGTG
12,690,696,AAGATT
12,1755,1761,AAGATT
12,4191,4197,AAGATT
12,6549,6555,AAGATT
12,7194,7200,AAGATT
12,7795,7801,AAGATT
12,9142,9148,AAGATT
12,9480,9486,AAGATT
12,9838,9844,AAGATT
12,12320,12326,AAGATT
12,16539,16545,AAGATT
12,22492,22498,AAGATT
12,22519,22525,AAGATT
12,23214,23220,AAGATT
12,24058,24064,AAGATT
12,25634,25640,AAGATT
12,30074,30080,AAGATT
12,31913,31919,AAGATT
12,34991,34997,AAGATT
12,35672,35678,AAGATT
12,364,369,TTGAA
12,1576,1581,TTGAA
12,1812,1817,TTGAA
12,2078,2083,TTGAA
12,2097,2102,TTGAA
12,2148,2153,TTGAA
12,2613,2618,TTGAA
12,2753,2758,TTGAA
12,2769,2774,TTGAA
12,3003,3008,TTGAA
12,4543,4548,TTGAA
12,4796,4801,TTGAA
12,5030,5035,TTGAA
12,5672,5677,TTGAA
12,5704,5709,TTGAA
12,5858,5863,TTGAA
12,6590,6595,TTGAA
12,6666,6671,TTGAA
12,6783,6788,TTGAA
12,6843,6848,TTGAA
12,6882,6887,TTGAA
12,7038,7043,TTGAA
12,7107,7112,TTGAA
12,7469,7474,TTGAA
12,7613,7618,TTGAA
12,7895,7900,TTGAA
12,8012,8017,TTGAA
12,8418,8423,TTGAA
12,9272,9277,TTGAA
12,9684,9689,TTGAA
12,9751,9756,TTGAA
12,10277,10282,TTGAA
12,11118,11123,TTGAA
12,11279,11284,TTGAA
12,11394,11399,TTGAA
12,11989,11994,TTGAA
12,12330,12335,TTGAA
12,12592,12597,TTGAA
12,12993,12998,TTGAA
12,13102,13107,TTGAA
12,13195,13200,TTGAA
12,13421,13426,TTGAA
12,14082,14087,TTGAA
12,14265,14270,TTGAA
12,14417,14422,TTGAA
12,14613,14618,TTGAA
12,14673,14678,TTGAA
12,14733,14738,TTGAA
12,14996,15001,TTGAA
12,15804,15809,TTGAA
12,16211,16216,TTGAA
12,16876,16881,TTGAA
12,17179,17184,TTGAA
12,17502,17507,TTGAA
12,17687,17692,TTGAA
12,18937,18942,TTGAA
12,19006,19011,TTGAA
12,19214,19219,TTGAA
12,20526,20531,TTGAA
12,20564,20569,TTGAA
12,20848,20853,TTGAA
12,20896,20901,TTGAA
12,21045,21050,TTGAA
12,21099,21104,TTGAA
12,21339,21344,TTGAA
12,21456,21461,TTGAA
12,21540,21545,TTGAA
12,21561,21566,TTGAA
12,22092,22097,TTGAA
12,22742,22747,TTGAA
12,22865,22870,TTGAA
12,23320,23325,TTGAA
12,24251,24256,TTGAA
12,24426,24431,TTGAA
12,25169,25174,TTGAA
12,25498,25503,TTGAA
12,25548,25553,TTGAA
12,25566,25571,TTGAA
12,25653,25658,TTGAA
12,25903,25908,TTGAA
12,25998,26003,TTGAA
12,26189,26194,TTGAA
12,26442,26447,TTGAA
12,27334,27339,TTGAA
12,27805,27810,TTGAA
12,29281,29286,TTGAA
12,30033,30038,TTGAA
12,30568,30573,TTGAA
12,30709,30714,TTGAA
12,31060,31065,TTGAA
12,32145,32150,TTGAA
12,32256,32261,TTGAA
12,32723,32728,TTGAA
12,32847,32852,TTGAA
12,32930,32935,TTGAA
12,33358,33363,TTGAA
12,33689,33694,TTGAA
12,34554,34559,TTGAA
12,34606,34611,TTGAA
12,34765,34770,TTGAA
12,35176,35181,TTGAA
12,35191,35196,TTGAA
12,35197,35202,TTGAA
12,35545,35550,TTGAA
12,35611,35616,TTGAA
12,35676,35681,TTGAA
12,175,181,CTACTG
12,1933,1939,CTACTG
12,2320,2326,CTACTG
12,3882,3888,CTACTG
12,6754,6760,CTACTG
12,7054,7060,CTACTG
12,7702,7708,CTACTG
12,9116,9122,CTACTG
12,9332,9338,CTACTG
12,11402,11408,CTACTG
12,13674,13680,CTACTG
12,13680,13686,CTACTG
12,14232,14238,CTACTG
12,14491,14497,CTACTG
12,16144,16150,CTACTG
12,22802,22808,CTACTG
12,24108,24114,CTACTG
12,26980,26986,CTACTG
12,28330,28336,CTACTG
12,28621,28627,CTACTG
12,512,517,ATGTA
12,660,665,ATGTA
12,1710,1715,ATGTA
12,1944,1949,ATGTA
12,3101,3106,ATGTA
12,3106,3111,ATGTA
12,3555,3560,ATGTA
12,4151,4156,ATGTA
12,4390,4395,ATGTA
12,4887,4892,ATGTA
12,5914,5919,ATGTA
12,6820,6825,ATGTA
12,7121,7126,ATGTA
12,7145,7150,ATGTA
12,7424,7429,ATGTA
12,8626,8631,ATGTA
12,9282,9287,ATGTA
12,9319,9324,ATGTA
12,9728,9733,ATGTA
12,9846,9851,ATGTA
12,10265,10270,ATGTA
12,11589,11594,ATGTA
12,12665,12670,ATGTA
12,12793,12798,ATGTA
12,14680,14685,ATGTA
12,14786,14791,ATGTA
12,15482,15487,ATGTA
12,15730,15735,ATGTA
12,16615,16620,ATGTA
12,16905,16910,ATGTA
12,18144,18149,ATGTA
12,19367,19372,ATGTA
12,20007,20012,ATGTA
12,20226,20231,ATGTA
12,20351,20356,ATGTA
12,20788,20793,ATGTA
12,20885,20890,ATGTA
12,21421,21426,ATGTA
12,22783,22788,ATGTA
12,23694,23699,ATGTA
12,24169,24174,ATGTA
12,24226,24231,ATGTA
12,24337,24342,ATGTA
12,25087,25092,ATGTA
12,27842,27847,ATGTA
12,27847,27852,ATGTA
12,28067,28072,ATGTA
12,28414,28419,ATGTA
12,28828,28833,ATGTA
12,29066,29071,ATGTA
12,29131,29136,ATGTA
12,29503,29508,ATGTA
12,29868,29873,ATGTA
12,29915,29920,ATGTA
12,31217,31222,ATGTA
12,31385,31390,ATGTA
12,31418,31423,ATGTA
12,31668,31673,ATGTA
12,32865,32870,ATGTA
12,33337,33342,ATGTA
12,34492,34497,ATGTA
12,35899,35904,ATGTA
12,2103,2109,GTTTCA
12,3204,3210,GTTTCA
12,3429,3435,GTTTCA
12,5340,5346,GTTTCA
12,5733,5739,GTTTCA
12,6159,6165,GTTTCA
12,7933,7939,GTTTCA
12,8643,8649,GTTTCA
12,8899,8905,GTTTCA
12,9311,9317,GTTTCA
12,10798,10804,GTTTCA
12,10876,10882,GTTTCA
12,11533,11539,GTTTCA
12,11908,11914,GTTTCA
12,16200,16206,GTTTCA
12,19834,19840,GTTTCA
12,22396,22402,GTTTCA
12,22412,22418,GTTTCA
12,23819,23825,GTTTCA
12,25973,25979,GTTTCA
12,26225,26231,GTTTCA
12,27312,27318,GTTTCA
12,27882,27888,GTTTCA
12,28459,28465,GTTTCA
12,32193,32199,GTTTCA
12,32414,32420,GTTTCA
12,33222,33228,GTTTCA
12,359,364,TGTAA
12,488,493,TGTAA
12,513,518,TGTAA
12,661,666,TGTAA
12,1552,1557,TGTAA
12,2265,2270,TGTAA
12,2487,2492,TGTAA
12,3090,3095,TGTAA
12,3102,3107,TGTAA
12,3245,3250,TGTAA
12,3457,3462,TGTAA
12,4152,4157,TGTAA
12,4366,4371,TGTAA
12,4888,4893,TGTAA
12,5288,5293,TGTAA
12,5429,5434,TGTAA
12,5924,5929,TGTAA
12,6098,6103,TGTAA
12,6122,6127,TGTAA
12,6503,6508,TGTAA
12,6677,6682,TGTAA
12,6758,6763,TGTAA
12,7140,7145,TGTAA
12,7271,7276,TGTAA
12,7875,7880,TGTAA
12,8864,8869,TGTAA
12,8920,8925,TGTAA
12,9022,9027,TGTAA
12,9134,9139,TGTAA
12,9151,9156,TGTAA
12,9249,9254,TGTAA
12,9283,9288,TGTAA
12,9847,9852,TGTAA
12,10124,10129,TGTAA
12,10259,10264,TGTAA
12,10407,10412,TGTAA
12,11301,11306,TGTAA
12,11590,11595,TGTAA
12,12666,12671,TGTAA
12,12794,12799,TGTAA
12,12988,12993,TGTAA
12,13273,13278,TGTAA
12,13907,13912,TGTAA
12,13981,13986,TGTAA
12,14588,14593,TGTAA
12,14724,14729,TGTAA
12,15483,15488,TGTAA
12,15722,15727,TGTAA
12,15731,15736,TGTAA
12,15897,15902,TGTAA
12,16700,16705,TGTAA
12,18691,18696,TGTAA
12,19289,19294,TGTAA
12,19794,19799,TGTAA
12,20206,20211,TGTAA
12,20352,20357,TGTAA
12,20691,20696,TGTAA
12,20868,20873,TGTAA
12,20886,20891,TGTAA
12,21065,21070,TGTAA
12,21422,21427,TGTAA
12,21439,21444,TGTAA
12,21867,21872,TGTAA
12,22618,22623,TGTAA
12,22784,22789,TGTAA
12,23297,23302,TGTAA
12,23700,23705,TGTAA
12,24443,24448,TGTAA
12,24932,24937,TGTAA
12,25382,25387,TGTAA
12,26102,26107,TGTAA
12,26984,26989,TGTAA
12,27366,27371,TGTAA
12,27468,27473,TGTAA
12,27843,27848,TGTAA
12,28434,28439,TGTAA
12,28793,28798,TGTAA
12,29067,29072,TGTAA
12,29494,29499,TGTAA
12,29504,29509,TGTAA
12,29581,29586,TGTAA
12,29730,29735,TGTAA
12,30007,30012,TGTAA
12,30743,30748,TGTAA
12,30886,30891,TGTAA
12,31218,31223,TGTAA
12,32161,32166,TGTAA
12,32392,32397,TGTAA
12,33366,33371,TGTAA
12,33534,33539,TGTAA
12,34082,34087,TGTAA
12,34488,34493,TGTAA
12,35030,35035,TGTAA
12,42,47,TTCTT
12,533,538,TTCTT
12,698,703,TTCTT
12,824,829,TTCTT
12,1085,1090,TTCTT
12,1091,1096,TTCTT
12,1226,1231,TTCTT
12,1247,1252,TTCTT
12,1368,1373,TTCTT
12,1491,1496,TTCTT
12,1784,1789,TTCTT
12,2153,2158,TTCTT
12,2157,2162,TTCTT
12,2225,2230,TTCTT
12,2258,2263,TTCTT
12,2261,2266,TTCTT
12,2462,2467,TTCTT
12,2529,2534,TTCTT
12,2663,2668,TTCTT
12,2666,2671,TTCTT
12,2831,2836,TTCTT
12,2855,2860,TTCTT
12,2930,2935,TTCTT
12,2969,2974,TTCTT
12,3389,3394,TTCTT
12,3740,3745,TTCTT
12,3958,3963,TTCTT
12,4026,4031,TTCTT
12,4212,4217,TTCTT
12,4228,4233,TTCTT
12,4362,4367,TTCTT
12,4531,4536,TTCTT
12,4901,4906,TTCTT
12,4921,4926,TTCTT
12,5240,5245,TTCTT
12,5306,5311,TTCTT
12,5579,5584,TTCTT
12,5631,5636,TTCTT
12,5701,5706,TTCTT
12,5759,5764,TTCTT
12,6105,6110,TTCTT
12,6179,6184,TTCTT
12,6236,6241,TTCTT
12,6281,6286,TTCTT
12,6641,6646,TTCTT
12,6644,6649,TTCTT
12,6899,6904,TTCTT
12,6917,6922,TTCTT
12,6976,6981,TTCTT
12,6989,6994,TTCTT
12,7085,7090,TTCTT
12,7222,7227,TTCTT
12,7330,7335,TTCTT
12,7532,7537,TTCTT
12,7622,7627,TTCTT
12,7661,7666,TTCTT
12,7871,7876,TTCTT
12,8180,8185,TTCTT
12,8301,8306,TTCTT
12,8467,8472,TTCTT
12,8590,8595,TTCTT
12,8889,8894,TTCTT
12,9027,9032,TTCTT
12,9147,9152,TTCTT
12,9411,9416,TTCTT
12,9603,9608,TTCTT
12,9741,9746,TTCTT
12,9858,9863,TTCTT
12,9964,9969,TTCTT
12,10008,10013,TTCTT
12,10614,10619,TTCTT
12,10725,10730,TTCTT
12,11052,11057,TTCTT
12,11129,11134,TTCTT
12,11153,11158,TTCTT
12,11511,11516,TTCTT
12,11811,11816,TTCTT
12,12099,12104,TTCTT
12,12105,12110,TTCTT
12,12123,12128,TTCTT
12,12189,12194,TTCTT
12,12550,12555,TTCTT
12,12720,12725,TTCTT
12,12725,12730,TTCTT
12,12749,12754,TTCTT
12,12826,12831,TTCTT
12,13453,13458,TTCTT
12,13465,13470,TTCTT
12,13483,13488,TTCTT
12,13486,13491,TTCTT
12,13501,13506,TTCTT
12,13534,13539,TTCTT
12,13567,13572,TTCTT
12,13708,13713,TTCTT
12,13711,13716,TTCTT
12,13756,13761,TTCTT
12,13849,13854,TTCTT
12,13852,13857,TTCTT
12,13972,13977,TTCTT
12,14577,14582,TTCTT
12,14837,14842,TTCTT
12,15206,15211,TTCTT
12,15227,15232,TTCTT
12,15272,15277,TTCTT
12,15566,15571,TTCTT
12,16208,16213,TTCTT
12,16295,16300,TTCTT
12,16331,16336,TTCTT
12,16405,16410,TTCTT
12,16511,16516,TTCTT
12,16514,16519,TTCTT
12,16517,16522,TTCTT
12,16584,16589,TTCTT
12,16649,16654,TTCTT
12,16784,16789,TTCTT
12,16841,16846,TTCTT
12,16920,16925,TTCTT
12,16960,16965,TTCTT
12,16989,16994,TTCTT
12,17441,17446,TTCTT
12,17577,17582,TTCTT
12,17823,17828,TTCTT
12,17890,17895,TTCTT
12,17945,17950,TTCTT
12,18104,18109,TTCTT
12,18254,18259,TTCTT
12,18335,18340,TTCTT
12,18747,18752,TTCTT
12,18814,18819,TTCTT
12,18820,18825,TTCTT
12,19003,19008,TTCTT
12,19148,19153,TTCTT
12,19280,19285,TTCTT
12,19298,19303,TTCTT
12,20049,20054,TTCTT
12,20370,20375,TTCTT
12,20655,20660,TTCTT
12,20856,20861,TTCTT
12,21184,21189,TTCTT
12,21507,21512,TTCTT
12,21981,21986,TTCTT
12,22086,22091,TTCTT
12,22098,22103,TTCTT
12,22209,22214,TTCTT
12,22212,22217,TTCTT
12,22233,22238,TTCTT
12,22284,22289,TTCTT
12,22506,22511,TTCTT
12,22509,22514,TTCTT
12,22524,22529,TTCTT
12,22527,22532,TTCTT
12,22656,22661,TTCTT
12,22980,22985,TTCTT
12,23061,23066,TTCTT
12,23064,23069,TTCTT
12,23333,23338,TTCTT
12,24000,24005,TTCTT
12,25046,25051,TTCTT
12,25396,25401,TTCTT
12,25400,25405,TTCTT
12,25573,25578,TTCTT
12,25771,25776,TTCTT
12,25936,25941,TTCTT
12,25939,25944,TTCTT
12,26047,26052,TTCTT
12,26075,26080,TTCTT
12,26411,26416,TTCTT
12,26626,26631,TTCTT
12,26778,26783,TTCTT
12,26991,26996,TTCTT
12,27101,27106,TTCTT
12,27200,27205,TTCTT
12,27209,27214,TTCTT
12,27212,27217,TTCTT
12,27287,27292,TTCTT
12,27371,27376,TTCTT
12,27941,27946,TTCTT
12,27978,27983,TTCTT
12,27998,28003,TTCTT
12,28106,28111,TTCTT
12,28118,28123,TTCTT
12,28562,28567,TTCTT
12,28799,28804,TTCTT
12,29174,29179,TTCTT
12,29240,29245,TTCTT
12,29303,29308,TTCTT
12,29306,29311,TTCTT
12,29412,29417,TTCTT
12,29433,29438,TTCTT
12,29840,29845,TTCTT
12,30330,30335,TTCTT
12,30485,30490,TTCTT
12,30490,30495,TTCTT
12,30688,30693,TTCTT
12,30691,30696,TTCTT
12,30706,30711,TTCTT
12,30769,30774,TTCTT
12,30790,30795,TTCTT
12,30865,30870,TTCTT
12,31441,31446,TTCTT
12,31610,31615,TTCTT
12,31847,31852,TTCTT
12,31850,31855,TTCTT
12,31946,31951,TTCTT
12,32285,32290,TTCTT
12,32431,32436,TTCTT
12,32480,32485,TTCTT
12,32624,32629,TTCTT
12,32780,32785,TTCTT
12,32860,32865,TTCTT
12,32944,32949,TTCTT
12,33293,33298,TTCTT
12,33449,33454,TTCTT
12,33587,33592,TTCTT
12,34096,34101,TTCTT
12,34241,34246,TTCTT
12,34340,34345,TTCTT
12,34351,34356,TTCTT
12,35940,35945,TTCTT
12,36241,36246,TTCTT
12,36266,36271,TTCTT
12,36276,36281,TTCTT
12,36372,36377,TTCTT
12,323,328,TAATA
12,380,385,TAATA
12,422,427,TAATA
12,461,466,TAATA
12,785,790,TAATA
12,818,823,TAATA
12,1151,1156,TAATA
12,1288,1293,TAATA
12,1498,1503,TAATA
12,2489,2494,TAATA
12,3373,3378,TAATA
12,3459,3464,TAATA
12,3644,3649,TAATA
12,3931,3936,TAATA
12,4111,4116,TAATA
12,4616,4621,TAATA
12,4761,4766,TAATA
12,5017,5022,TAATA
12,5252,5257,TAATA
12,5359,5364,TAATA
12,5369,5374,TAATA
12,5462,5467,TAATA
12,5585,5590,TAATA
12,5657,5662,TAATA
12,5785,5790,TAATA
12,6241,6246,TAATA
12,6254,6259,TAATA
12,6731,6736,TAATA
12,6760,6765,TAATA
12,6859,6864,TAATA
12,7006,7011,TAATA
12,7172,7177,TAATA
12,7239,7244,TAATA
12,7508,7513,TAATA
12,7925,7930,TAATA
12,8215,8220,TAATA
12,8265,8270,TAATA
12,8291,8296,TAATA
12,8390,8395,TAATA
12,9513,9518,TAATA
12,10409,10414,TAATA
12,11057,11062,TAATA
12,11256,11261,TAATA
12,11727,11732,TAATA
12,12357,12362,TAATA
12,12487,12492,TAATA
12,12668,12673,TAATA
12,13238,13243,TAATA
12,13744,13749,TAATA
12,13909,13914,TAATA
12,13983,13988,TAATA
12,14379,14384,TAATA
12,14522,14527,TAATA
12,14714,14719,TAATA
12,14909,14914,TAATA
12,15074,15079,TAATA
12,15107,15112,TAATA
12,15495,15500,TAATA
12,15550,15555,TAATA
12,15698,15703,TAATA
12,15724,15729,TAATA
12,16093,16098,TAATA
12,16175,16180,TAATA
12,16249,16254,TAATA
12,16682,16687,TAATA
12,17077,17082,TAATA
12,17780,17785,TAATA
12,18447,18452,TAATA
12,18714,18719,TAATA
12,18790,18795,TAATA
12,18996,19001,TAATA
12,19038,19043,TAATA
12,19130,19135,TAATA
12,19533,19538,TAATA
12,20054,20059,TAATA
12,20057,20062,TAATA
12,20519,20524,TAATA
12,21111,21116,TAATA
12,21666,21671,TAATA
12,21669,21674,TAATA
12,21877,21882,TAATA
12,22551,22556,TAATA
12,23579,23584,TAATA
12,23788,23793,TAATA
12,23926,23931,TAATA
12,24264,24269,TAATA
12,24267,24272,TAATA
12,24298,24303,TAATA
12,24453,24458,TAATA
12,24664,24669,TAATA
12,24721,24726,TAATA
12,24807,24812,TAATA
12,24849,24854,TAATA
12,24963,24968,TAATA
12,25002,25007,TAATA
12,25005,25010,TAATA
12,25384,25389,TAATA
12,25921,25926,TAATA
12,25981,25986,TAATA
12,26058,26063,TAATA
12,26179,26184,TAATA
12,26235,26240,TAATA
12,26619,26624,TAATA
12,27017,27022,TAATA
12,27139,27144,TAATA
12,27470,27475,TAATA
12,28270,28275,TAATA
12,28775,28780,TAATA
12,28969,28974,TAATA
12,29033,29038,TAATA
12,29213,29218,TAATA
12,29258,29263,TAATA
12,29321,29326,TAATA
12,29442,29447,TAATA
12,29849,29854,TAATA
12,30093,30098,TAATA
12,30962,30967,TAATA
12,31005,31010,TAATA
12,31008,31013,TAATA
12,31116,31121,TAATA
12,31121,31126,TAATA
12,31173,31178,TAATA
12,33022,33027,TAATA
12,33208,33213,TAATA
12,33268,33273,TAATA
12,33431,33436,TAATA
12,33511,33516,TAATA
12,33542,33547,TAATA
12,34169,34174,TAATA
12,34291,34296,TAATA
12,34381,34386,TAATA
12,35317,35322,TAATA
12,35911,35916,TAATA
12,35988,35993,TAATA
12,2784,2790,CAAAGT
12,4993,4999,CAAAGT
12,6910,6916,CAAAGT
12,7390,7396,CAAAGT
12,8347,8353,CAAAGT
12,15187,15193,CAAAGT
12,16889,16895,CAAAGT
12,20732,20738,CAAAGT
12,30658,30664,CAAAGT
12,33817,33823,CAAAGT
12,35461,35467,CAAAGT
12,35786,35792,CAAAGT
12,667,672,TATCT
12,1301,1306,TATCT
12,1501,1506,TATCT
12,2293,2298,TATCT
12,2410,2415,TATCT
12,2437,2442,TATCT
12,2941,2946,TATCT
12,3675,3680,TATCT
12,5770,5775,TATCT
12,5788,5793,TATCT
12,6636,6641,TATCT
12,6960,6965,TATCT
12,7258,7263,TATCT
12,8847,8852,TATCT
12,8981,8986,TATCT
12,9599,9604,TATCT
12,9809,9814,TATCT
12,9911,9916,TATCT
12,9995,10000,TATCT
12,10721,10726,TATCT
12,10772,10777,TATCT
12,11114,11119,TATCT
12,11291,11296,TATCT
12,12563,12568,TATCT
12,12678,12683,TATCT
12,13134,13139,TATCT
12,15451,15456,TATCT
12,15460,15465,TATCT
12,15913,15918,TATCT
12,16077,16082,TATCT
12,16168,16173,TATCT
12,16195,16200,TATCT
12,17758,17763,TATCT
12,18591,18596,TATCT
12,19015,19020,TATCT
12,19080,19085,TATCT
12,19483,19488,TATCT
12,21162,21167,TATCT
12,22403,22408,TATCT
12,23093,23098,TATCT
12,23177,23182,TATCT
12,23267,23272,TATCT
12,23377,23382,TATCT
12,23465,23470,TATCT
12,23791,23796,TATCT
12,23929,23934,TATCT
12,23973,23978,TATCT
12,24384,24389,TATCT
12,25281,25286,TATCT
12,26598,26603,TATCT
12,26700,26705,TATCT
12,27037,27042,TATCT
12,27439,27444,TATCT
12,27850,27855,TATCT
12,27937,27942,TATCT
12,28195,28200,TATCT
12,28221,28226,TATCT
12,28324,28329,TATCT
12,28633,28638,TATCT
12,28654,28659,TATCT
12,28870,28875,TATCT
12,29188,29193,TATCT
12,29399,29404,TATCT
12,30514,30519,TATCT
12,30651,30656,TATCT
12,30780,30785,TATCT
12,31011,31016,TATCT
12,31098,31103,TATCT
12,31606,31611,TATCT
12,31696,31701,TATCT
12,31708,31713,TATCT
12,32401,32406,TATCT
12,32544,32549,TATCT
12,32592,32597,TATCT
12,32751,32756,TATCT
12,32870,32875,TATCT
12,33133,33138,TATCT
12,33190,33195,TATCT
12,33211,33216,TATCT
12,33307,33312,TATCT
12,33559,33564,TATCT
12,33610,33615,TATCT
12,33883,33888,TATCT
12,34666,34671,TATCT
12,35596,35601,TATCT
12,1290,1296,ATATTT
12,2870,2876,ATATTT
12,2999,3005,ATATTT
12,4178,4184,ATATTT
12,4434,4440,ATATTT
12,4814,4820,ATATTT
12,5019,5025,ATATTT
12,12201,12207,ATATTT
12,12543,12549,ATATTT
12,14553,14559,ATATTT
12,14573,14579,ATATTT
12,15430,15436,ATATTT
12,16769,16775,ATATTT
12,16956,16962,ATATTT
12,17460,17466,ATATTT
12,17730,17736,ATATTT
12,18345,18351,ATATTT
12,19349,19355,ATATTT
12,19758,19764,ATATTT
12,20619,20625,ATATTT
12,21089,21095,ATATTT
12,21113,21119,ATATTT
12,21370,21376,ATATTT
12,21736,21742,ATATTT
12,22879,22885,ATATTT
12,26954,26960,ATATTT
12,27141,27147,ATATTT
12,28392,28398,ATATTT
12,28604,28610,ATATTT
12,28971,28977,ATATTT
12,29277,29283,ATATTT
12,30995,31001,ATATTT
12,31495,31501,ATATTT
12,32307,32313,ATATTT
12,32939,32945,ATATTT
12,33083,33089,ATATTT
12,34504,34510,ATATTT
12,34748,34754,ATATTT
12,35155,35161,ATATTT
12,35384,35390,ATATTT
12,35662,35668,ATATTT
12,36088,36094,ATATTT
12,395,400,TTGTA
12,1435,1440,TTGTA
12,2264,2269,TTGTA
12,2486,2491,TTGTA
12,2554,2559,TTGTA
12,2995,3000,TTGTA
12,3089,3094,TTGTA
12,3184,3189,TTGTA
12,4365,4370,TTGTA
12,4472,4477,TTGTA
12,5573,5578,TTGTA
12,5923,5928,TTGTA
12,5965,5970,TTGTA
12,6676,6681,TTGTA
12,6943,6948,TTGTA
12,7183,7188,TTGTA
12,7874,7879,TTGTA
12,8529,8534,TTGTA
12,8544,8549,TTGTA
12,8575,8580,TTGTA
12,8863,8868,TTGTA
12,8919,8924,TTGTA
12,9021,9026,TTGTA
12,9133,9138,TTGTA
12,9150,9155,TTGTA
12,10123,10128,TTGTA
12,10258,10263,TTGTA
12,11181,11186,TTGTA
12,12987,12992,TTGTA
12,13272,13277,TTGTA
12,13906,13911,TTGTA
12,14171,14176,TTGTA
12,14653,14658,TTGTA
12,14723,14728,TTGTA
12,15721,15726,TTGTA
12,15896,15901,TTGTA
12,17211,17216,TTGTA
12,17450,17455,TTGTA
12,17646,17651,TTGTA
12,17705,17710,TTGTA
12,18309,18314,TTGTA
12,20205,20210,TTGTA
12,20237,20242,TTGTA
12,21064,21069,TTGTA
12,21240,21245,TTGTA
12,21383,21388,TTGTA
12,21438,21443,TTGTA
12,21611,21616,TTGTA
12,21779,21784,TTGTA
12,21866,21871,TTGTA
12,22001,22006,TTGTA
12,22617,22622,TTGTA
12,22813,22818,TTGTA
12,23296,23301,TTGTA
12,23754,23759,TTGTA
12,23843,23848,TTGTA
12,24306,24311,TTGTA
12,24348,24353,TTGTA
12,24442,24447,TTGTA
12,24931,24936,TTGTA
12,25111,25116,TTGTA
12,25381,25386,TTGTA
12,26101,26106,TTGTA
12,26251,26256,TTGTA
12,26505,26510,TTGTA
12,27053,27058,TTGTA
12,27365,27370,TTGTA
12,27406,27411,TTGTA
12,27436,27441,TTGTA
12,27467,27472,TTGTA
12,28349,28354,TTGTA
12,28433,28438,TTGTA
12,29493,29498,TTGTA
12,29580,29585,TTGTA
12,29798,29803,TTGTA
12,30216,30221,TTGTA
12,30742,30747,TTGTA
12,30885,30890,TTGTA
12,31534,31539,TTGTA
12,31546,31551,TTGTA
12,31803,31808,TTGTA
12,32160,32165,TTGTA
12,32337,32342,TTGTA
12,32391,32396,TTGTA
12,32556,32561,TTGTA
12,33260,33265,TTGTA
12,33365,33370,TTGTA
12,33412,33417,TTGTA
12,33533,33538,TTGTA
12,34487,34492,TTGTA
12,35983,35988,TTGTA
12,36006,36011,TTGTA
12,36141,36146,TTGTA
12,79,84,TAATG
12,425,430,TAATG
12,731,736,TAATG
12,866,871,TAATG
12,1175,1180,TAATG
12,1376,1381,TAATG
12,1583,1588,TAATG
12,1796,1801,TAATG
12,2368,2373,TAATG
12,2621,2626,TAATG
12,3104,3109,TAATG
12,3269,3274,TAATG
12,3319,3324,TAATG
12,3536,3541,TAATG
12,3630,3635,TAATG
12,3942,3947,TAATG
12,3973,3978,TAATG
12,4149,4154,TAATG
12,4242,4247,TAATG
12,5450,5455,TAATG
12,7591,7596,TAATG
12,7802,7807,TAATG
12,8366,8371,TAATG
12,8624,8629,TAATG
12,8715,8720,TAATG
12,9153,9158,TAATG
12,9726,9731,TAATG
12,9801,9806,TAATG
12,10167,10172,TAATG
12,10296,10301,TAATG
12,10839,10844,TAATG
12,10965,10970,TAATG
12,11001,11006,TAATG
12,11303,11308,TAATG
12,11832,11837,TAATG
12,11853,11858,TAATG
12,12075,12080,TAATG
12,12128,12133,TAATG
12,12237,12242,TAATG
12,12518,12523,TAATG
12,12796,12801,TAATG
12,13241,13246,TAATG
12,13951,13956,TAATG
12,14020,14025,TAATG
12,15848,15853,TAATG
12,17602,17607,TAATG
12,17640,17645,TAATG
12,17918,17923,TAATG
12,19133,19138,TAATG
12,19474,19479,TAATG
12,19538,19543,TAATG
12,20005,20010,TAATG
12,20117,20122,TAATG
12,20531,20536,TAATG
12,20883,20888,TAATG
12,21441,21446,TAATG
12,21451,21456,TAATG
12,21714,21719,TAATG
12,22377,22382,TAATG
12,22671,22676,TAATG
12,22786,22791,TAATG
12,23118,23123,TAATG
12,23299,23304,TAATG
12,23325,23330,TAATG
12,23809,23814,TAATG
12,23962,23967,TAATG
12,24211,24216,TAATG
12,24891,24896,TAATG
12,24976,24981,TAATG
12,27068,27073,TAATG
12,27845,27850,TAATG
12,27899,27904,TAATG
12,28412,28417,TAATG
12,28451,28456,TAATG
12,28661,28666,TAATG
12,28826,28831,TAATG
12,29124,29129,TAATG
12,29366,29371,TAATG
12,29694,29699,TAATG
12,29816,29821,TAATG
12,30009,30014,TAATG
12,30717,30722,TAATG
12,31933,31938,TAATG
12,31963,31968,TAATG
12,32230,32235,TAATG
12,32686,32691,TAATG
12,33536,33541,TAATG
12,33593,33598,TAATG
12,33675,33680,TAATG
12,34313,34318,TAATG
12,34490,34495,TAATG
12,35204,35209,TAATG
12,35515,35520,TAATG
12,3012,3018,TTCATT
12,3639,3645,TTCATT
12,4677,4683,TTCATT
12,5735,5741,TTCATT
12,6902,6908,TTCATT
12,7001,7007,TTCATT
12,7034,7040,TTCATT
12,7178,7184,TTCATT
12,7626,7632,TTCATT
12,8976,8982,TTCATT
12,10365,10371,TTCATT
12,10815,10821,TTCATT
12,11784,11790,TTCATT
12,11985,11991,TTCATT
12,12637,12643,TTCATT
12,12712,12718,TTCATT
12,12716,12722,TTCATT
12,13207,13213,TTCATT
12,17070,17076,TTCATT
12,17421,17427,TTCATT
12,17939,17945,TTCATT
12,18339,18345,TTCATT
12,18976,18982,TTCATT
12,19605,19611,TTCATT
12,20103,20109,TTCATT
12,20184,20190,TTCATT
12,21744,21750,TTCATT
12,21763,21769,TTCATT
12,21944,21950,TTCATT
12,22659,22665,TTCATT
12,23456,23462,TTCATT
12,23547,23553,TTCATT
12,24373,24379,TTCATT
12,24448,24454,TTCATT
12,25625,25631,TTCATT
12,25645,25651,TTCATT
12,25808,25814,TTCATT
12,25826,25832,TTCATT
12,27884,27890,TTCATT
12,27986,27992,TTCATT
12,28085,28091,TTCATT
12,29012,29018,TTCATT
12,29244,29250,TTCATT
12,29475,29481,TTCATT
12,30054,30060,TTCATT
12,30154,30160,TTCATT
12,30333,30339,TTCATT
12,30481,30487,TTCATT
12,30808,30814,TTCATT
12,30910,30916,TTCATT
12,30953,30959,TTCATT
12,31081,31087,TTCATT
12,31261,31267,TTCATT
12,31357,31363,TTCATT
12,32756,32762,TTCATT
12,33393,33399,TTCATT
12,33915,33921,TTCATT
12,34233,34239,TTCATT
12,1299,1305,TTTATC
12,2291,2297,TTTATC
12,3673,3679,TTTATC
12,4984,4990,TTTATC
12,5534,5540,TTTATC
12,6563,6569,TTTATC
12,8258,8264,TTTATC
12,9288,9294,TTTATC
12,12676,12682,TTTATC
12,13132,13138,TTTATC
12,15911,15917,TTTATC
12,16075,16081,TTTATC
12,17676,17682,TTTATC
12,18463,18469,TTTATC
12,19022,19028,TTTATC
12,19719,19725,TTTATC
12,20676,20682,TTTATC
12,21886,21892,TTTATC
12,23091,23097,TTTATC
12,23175,23181,TTTATC
12,23259,23265,TTTATC
12,25279,25285,TTTATC
12,26651,26657,TTTATC
12,27125,27131,TTTATC
12,28028,28034,TTTATC
12,28193,28199,TTTATC
12,28802,28808,TTTATC
12,29186,29192,TTTATC
12,30058,30064,TTTATC
12,31096,31102,TTTATC
12,31706,31712,TTTATC
12,32590,32596,TTTATC
12,32881,32887,TTTATC
12,34664,34670,TTTATC
12,35641,35647,TTTATC
12,274,279,GACGA
12,1678,1683,GACGA
12,2062,2067,GACGA
12,3873,3878,GACGA
12,3915,3920,GACGA
12,6139,6144,GACGA
12,6169,6174,GACGA
12,6319,6324,GACGA
12,6322,6327,GACGA
12,7429,7434,GACGA
12,7831,7836,GACGA
12,7840,7845,GACGA
12,8023,8028,GACGA
12,10349,10354,GACGA
12,10976,10981,GACGA
12,11492,11497,GACGA
12,16003,16008,GACGA
12,23150,23155,GACGA
12,30580,30585,GACGA
12,34713,34718,GACGA
12,35635,35640,GACGA
12,35877,35882,GACGA
12,42,48,TTCTTT
12,1085,1091,TTCTTT
12,1226,1232,TTCTTT
12,1247,1253,TTCTTT
12,1368,1374,TTCTTT
12,1784,1790,TTCTTT
12,2153,2159,TTCTTT
12,2831,2837,TTCTTT
12,4026,4032,TTCTTT
12,4531,4537,TTCTTT
12,4901,4907,TTCTTT
12,4921,4927,TTCTTT
12,5240,5246,TTCTTT
12,5579,5585,TTCTTT
12,6179,6185,TTCTTT
12,6236,6242,TTCTTT
12,6917,6923,TTCTTT
12,6976,6982,TTCTTT
12,7222,7228,TTCTTT
12,7622,7628,TTCTTT
12,7661,7667,TTCTTT
12,8301,8307,TTCTTT
12,8467,8473,TTCTTT
12,8590,8596,TTCTTT
12,8889,8895,TTCTTT
12,9027,9033,TTCTTT
12,10614,10620,TTCTTT
12,11052,11058,TTCTTT
12,11129,11135,TTCTTT
12,12105,12111,TTCTTT
12,12123,12129,TTCTTT
12,12720,12726,TTCTTT
12,12725,12731,TTCTTT
12,12826,12832,TTCTTT
12,13465,13471,TTCTTT
12,13486,13492,TTCTTT
12,13501,13507,TTCTTT
12,13534,13540,TTCTTT
12,13567,13573,TTCTTT
12,13756,13762,TTCTTT
12,13852,13858,TTCTTT
12,14577,14583,TTCTTT
12,15206,15212,TTCTTT
12,16295,16301,TTCTTT
12,16584,16590,TTCTTT
12,16784,16790,TTCTTT
12,16841,16847,TTCTTT
12,16920,16926,TTCTTT
12,16960,16966,TTCTTT
12,17441,17447,TTCTTT
12,17945,17951,TTCTTT
12,18104,18110,TTCTTT
12,18335,18341,TTCTTT
12,18814,18820,TTCTTT
12,18820,18826,TTCTTT
12,20049,20055,TTCTTT
12,20370,20376,TTCTTT
12,20856,20862,TTCTTT
12,21184,21190,TTCTTT
12,21507,21513,TTCTTT
12,21981,21987,TTCTTT
12,22086,22092,TTCTTT
12,22098,22104,TTCTTT
12,22233,22239,TTCTTT
12,22284,22290,TTCTTT
12,22509,22515,TTCTTT
12,25396,25402,TTCTTT
12,25400,25406,TTCTTT
12,25771,25777,TTCTTT
12,25939,25945,TTCTTT
12,26075,26081,TTCTTT
12,27200,27206,TTCTTT
12,27212,27218,TTCTTT
12,27287,27293,TTCTTT
12,28118,28124,TTCTTT
12,28799,28805,TTCTTT
12,29240,29246,TTCTTT
12,29412,29418,TTCTTT
12,29840,29846,TTCTTT
12,30485,30491,TTCTTT
12,30691,30697,TTCTTT
12,31441,31447,TTCTTT
12,31610,31616,TTCTTT
12,32780,32786,TTCTTT
12,35940,35946,TTCTTT
12,36266,36272,TTCTTT
12,36372,36378,TTCTTT
12,625,630,TGAAT
12,1829,1834,TGAAT
12,2017,2022,TGAAT
12,2098,2103,TGAAT
12,2149,2154,TGAAT
12,2331,2336,TGAAT
12,2561,2566,TGAAT
12,2639,2644,TGAAT
12,3586,3591,TGAAT
12,4015,4020,TGAAT
12,4097,4102,TGAAT
12,5439,5444,TGAAT
12,5859,5864,TGAAT
12,6533,6538,TGAAT
12,6591,6596,TGAAT
12,6667,6672,TGAAT
12,6784,6789,TGAAT
12,6844,6849,TGAAT
12,7019,7024,TGAAT
12,7039,7044,TGAAT
12,7470,7475,TGAAT
12,7724,7729,TGAAT
12,8084,8089,TGAAT
12,8275,8280,TGAAT
12,8821,8826,TGAAT
12,9258,9263,TGAAT
12,9472,9477,TGAAT
12,9670,9675,TGAAT
12,9752,9757,TGAAT
12,10060,10065,TGAAT
12,11021,11026,TGAAT
12,11119,11124,TGAAT
12,11395,11400,TGAAT
12,11658,11663,TGAAT
12,12331,12336,TGAAT
12,12755,12760,TGAAT
12,12994,12999,TGAAT
12,13196,13201,TGAAT
12,13317,13322,TGAAT
12,13422,13427,TGAAT
12,14272,14277,TGAAT
12,15395,15400,TGAAT
12,16927,16932,TGAAT
12,17688,17693,TGAAT
12,19007,19012,TGAAT
12,20527,20532,TGAAT
12,20785,20790,TGAAT
12,20897,20902,TGAAT
12,21046,21051,TGAAT
12,21076,21081,TGAAT
12,21100,21105,TGAAT
12,21647,21652,TGAAT
12,22157,22162,TGAAT
12,22866,22871,TGAAT
12,22905,22910,TGAAT
12,23321,23326,TGAAT
12,23686,23691,TGAAT
12,24427,24432,TGAAT
12,25060,25065,TGAAT
12,25904,25909,TGAAT
12,25999,26004,TGAAT
12,26190,26195,TGAAT
12,26200,26205,TGAAT
12,26558,26563,TGAAT
12,27275,27280,TGAAT
12,27806,27811,TGAAT
12,29282,29287,TGAAT
12,29668,29673,TGAAT
12,30034,30039,TGAAT
12,30367,30372,TGAAT
12,31061,31066,TGAAT
12,31269,31274,TGAAT
12,31340,31345,TGAAT
12,33359,33364,TGAAT
12,33941,33946,TGAAT
12,34766,34771,TGAAT
12,35177,35182,TGAAT
12,2987,2993,TAAATC
12,4154,4160,TAAATC
12,5054,5060,TAAATC
12,6835,6841,TAAATC
12,7919,7925,TAAATC
12,8207,8213,TAAATC
12,8922,8928,TAAATC
12,10776,10782,TAAATC
12,12195,12201,TAAATC
12,13165,13171,TAAATC
12,15399,15405,TAAATC
12,15476,15482,TAAATC
12,16709,16715,TAAATC
12,17224,17230,TAAATC
12,17595,17601,TAAATC
12,17609,17615,TAAATC
12,17951,17957,TAAATC
12,19505,19511,TAAATC
12,19779,19785,TAAATC
12,20208,20214,TAAATC
12,22323,22329,TAAATC
12,22717,22723,TAAATC
12,24196,24202,TAAATC
12,24361,24367,TAAATC
12,25318,25324,TAAATC
12,25924,25930,TAAATC
12,28181,28187,TAAATC
12,28976,28982,TAAATC
12,29511,29517,TAAATC
12,30236,30242,TAAATC
12,32677,32683,TAAATC
12,33379,33385,TAAATC
12,34948,34954,TAAATC
12,35083,35089,TAAATC
12,35231,35237,TAAATC
12,3590,3596,TAAATA
12,4175,4181,TAAATA
12,4690,4696,TAAATA
12,4852,4858,TAAATA
12,7642,7648,TAAATA
12,8352,8358,TAAATA
12,10740,10746,TAAATA
12,11570,11576,TAAATA
12,11778,11784,TAAATA
12,12469,12475,TAAATA
12,14481,14487,TAAATA
12,16774,16780,TAAATA
12,17289,17295,TAAATA
12,17457,17463,TAAATA
12,19163,19169,TAAATA
12,19310,19316,TAAATA
12,21282,21288,TAAATA
12,21550,21556,TAAATA
12,21579,21585,TAAATA
12,22058,22064,TAAATA
12,22568,22574,TAAATA
12,22584,22590,TAAATA
12,23420,23426,TAAATA
12,23595,23601,TAAATA
12,24852,24858,TAAATA
12,24998,25004,TAAATA
12,25955,25961,TAAATA
12,27481,27487,TAAATA
12,28531,28537,TAAATA
12,29362,29368,TAAATA
12,29785,29791,TAAATA
12,29922,29928,TAAATA
12,32152,32158,TAAATA
12,32962,32968,TAAATA
12,33080,33086,TAAATA
12,34479,34485,TAAATA
12,35623,35629,TAAATA
12,1434,1439,CTTGT
12,1636,1641,CTTGT
12,2083,2088,CTTGT
12,2215,2220,CTTGT
12,2263,2268,CTTGT
12,3088,3093,CTTGT
12,3385,3390,CTTGT
12,4253,4258,CTTGT
12,4364,4369,CTTGT
12,5113,5118,CTTGT
12,5298,5303,CTTGT
12,5730,5735,CTTGT
12,5761,5766,CTTGT
12,5875,5880,CTTGT
12,6301,6306,CTTGT
12,7261,7266,CTTGT
12,7342,7347,CTTGT
12,7768,7773,CTTGT
12,7873,7878,CTTGT
12,7986,7991,CTTGT
12,9149,9154,CTTGT
12,9518,9523,CTTGT
12,10000,10005,CTTGT
12,10703,10708,CTTGT
12,11735,11740,CTTGT
12,12101,12106,CTTGT
12,13905,13910,CTTGT
12,14722,14727,CTTGT
12,14983,14988,CTTGT
12,15201,15206,CTTGT
12,16800,16805,CTTGT
12,16975,16980,CTTGT
12,17897,17902,CTTGT
12,18027,18032,CTTGT
12,18056,18061,CTTGT
12,19486,19491,CTTGT
12,21935,21940,CTTGT
12,22202,22207,CTTGT
12,23816,23821,CTTGT
12,24536,24541,CTTGT
12,25110,25115,CTTGT
12,25374,25379,CTTGT
12,25854,25859,CTTGT
12,26764,26769,CTTGT
12,27322,27327,CTTGT
12,27364,27369,CTTGT
12,27373,27378,CTTGT
12,27466,27471,CTTGT
12,28108,28113,CTTGT
12,28348,28353,CTTGT
12,28552,28557,CTTGT
12,28903,28908,CTTGT
12,28951,28956,CTTGT
12,29308,29313,CTTGT
12,29612,29617,CTTGT
12,30215,30220,CTTGT
12,30884,30889,CTTGT
12,31128,31133,CTTGT
12,33238,33243,CTTGT
12,33278,33283,CTTGT
12,33532,33537,CTTGT
12,33949,33954,CTTGT
12,35975,35980,CTTGT
12,36248,36253,CTTGT
12,1317,1322,TTCTC
12,2379,2384,TTCTC
12,3545,3550,TTCTC
12,3564,3569,TTCTC
12,4723,4728,TTCTC
12,5414,5419,TTCTC
12,7520,7525,TTCTC
12,10176,10181,TTCTC
12,10336,10341,TTCTC
12,11761,11766,TTCTC
12,12114,12119,TTCTC
12,12210,12215,TTCTC
12,12300,12305,TTCTC
12,12371,12376,TTCTC
12,12657,12662,TTCTC
12,13355,13360,TTCTC
12,13861,13866,TTCTC
12,16154,16159,TTCTC
12,17048,17053,TTCTC
12,17233,17238,TTCTC
12,17262,17267,TTCTC
12,17465,17470,TTCTC
12,18149,18154,TTCTC
12,18264,18269,TTCTC
12,18349,18354,TTCTC
12,19048,19053,TTCTC
12,19151,19156,TTCTC
12,19747,19752,TTCTC
12,21250,21255,TTCTC
12,23235,23240,TTCTC
12,24596,24601,TTCTC
12,25246,25251,TTCTC
12,26050,26055,TTCTC
12,26642,26647,TTCTC
12,29388,29393,TTCTC
12,31042,31047,TTCTC
12,32835,32840,TTCTC
12,32947,32952,TTCTC
12,33111,33116,TTCTC
12,35531,35536,TTCTC
12,36073,36078,TTCTC
12,36327,36332,TTCTC
12,1067,1074,ATTGATT
12,1512,1519,ATTGATT
12,2355,2362,ATTGATT
12,4825,4832,ATTGATT
12,8781,8788,ATTGATT
12,11389,11396,ATTGATT
12,23741,23748,ATTGATT
12,24713,24720,ATTGATT
12,27678,27685,ATTGATT
12,27887,27894,ATTGATT
12,29624,29631,ATTGATT
12,33601,33608,ATTGATT
12,50,55,ATATA
12,1856,1861,ATATA
12,3646,3651,ATATA
12,4855,4860,ATATA
12,5108,5113,ATATA
12,6072,6077,ATATA
12,7008,7013,ATATA
12,7042,7047,ATATA
12,8712,8717,ATATA
12,9691,9696,ATATA
12,9693,9698,ATATA
12,9937,9942,ATATA
12,10600,10605,ATATA
12,11379,11384,ATATA
12,12613,12618,ATATA
12,12810,12815,ATATA
12,14524,14529,ATATA
12,14551,14556,ATATA
12,16741,16746,ATATA
12,17583,17588,ATATA
12,18449,18454,ATATA
12,18792,18797,ATATA
12,19404,19409,ATATA
12,19443,19448,ATATA
12,19535,19540,ATATA
12,19870,19875,ATATA
12,20617,20622,ATATA
12,20796,20801,ATATA
12,20880,20885,ATATA
12,21734,21739,ATATA
12,21842,21847,ATATA
12,21920,21925,ATATA
12,22417,22422,ATATA
12,23074,23079,ATATA
12,23446,23451,ATATA
12,23828,23833,ATATA
12,23916,23921,ATATA
12,24723,24728,ATATA
12,25253,25258,ATATA
12,25364,25369,ATATA
12,25894,25899,ATATA
12,26060,26065,ATATA
12,26062,26067,ATATA
12,26665,26670,ATATA
12,26772,26777,ATATA
12,29997,30002,ATATA
12,31118,31123,ATATA
12,31175,31180,ATATA
12,31573,31578,ATATA
12,31822,31827,ATATA
12,32305,32310,ATATA
12,33386,33391,ATATA
12,34146,34151,ATATA
12,34823,34828,ATATA
12,35245,35250,ATATA
12,35252,35257,ATATA
12,35254,35259,ATATA
12,35492,35497,ATATA
12,36023,36028,ATATA
12,36121,36126,ATATA
12,40,46,TCTTCT
12,1092,1098,TCTTCT
12,2256,2262,TCTTCT
12,2259,2265,TCTTCT
12,2664,2670,TCTTCT
12,5790,5796,TCTTCT
12,6279,6285,TCTTCT
12,6642,6648,TCTTCT
12,8361,8367,TCTTCT
12,9601,9607,TCTTCT
12,10723,10729,TCTTCT
12,12190,12196,TCTTCT
12,12750,12756,TCTTCT
12,13454,13460,TCTTCT
12,13484,13490,TCTTCT
12,13709,13715,TCTTCT
12,13850,13856,TCTTCT
12,13973,13979,TCTTCT
12,16332,16338,TCTTCT
12,16512,16518,TCTTCT
12,16515,16521,TCTTCT
12,16782,16788,TCTTCT
12,17590,17596,TCTTCT
12,18255,18261,TCTTCT
12,18776,18782,TCTTCT
12,19149,19155,TCTTCT
12,19528,19534,TCTTCT
12,20368,20374,TCTTCT
12,22210,22216,TCTTCT
12,22330,22336,TCTTCT
12,22507,22513,TCTTCT
12,22525,22531,TCTTCT
12,23062,23068,TCTTCT
12,23065,23071,TCTTCT
12,23095,23101,TCTTCT
12,23242,23248,TCTTCT
12,25574,25580,TCTTCT
12,25937,25943,TCTTCT
12,26048,26054,TCTTCT
12,27102,27108,TCTTCT
12,27210,27216,TCTTCT
12,27852,27858,TCTTCT
12,27939,27945,TCTTCT
12,27942,27948,TCTTCT
12,29304,29310,TCTTCT
12,29431,29437,TCTTCT
12,30689,30695,TCTTCT
12,30866,30872,TCTTCT
12,31608,31614,TCTTCT
12,31848,31854,TCTTCT
12,32945,32951,TCTTCT
12,33450,33456,TCTTCT
12,33588,33594,TCTTCT
12,33720,33726,TCTTCT
12,34242,34248,TCTTCT
12,34341,34347,TCTTCT
12,36071,36077,TCTTCT
12,36274,36280,TCTTCT
12,291,296,AATGG
12,627,632,AATGG
12,6213,6218,AATGG
12,7635,7640,AATGG
12,7803,7808,AATGG
12,8716,8721,AATGG
12,8801,8806,AATGG
12,9352,9357,AATGG
12,10297,10302,AATGG
12,10462,10467,AATGG
12,10549,10554,AATGG
12,11002,11007,AATGG
12,11222,11227,AATGG
12,11854,11859,AATGG
12,12076,12081,AATGG
12,16008,16013,AATGG
12,16236,16241,AATGG
12,16344,16349,AATGG
12,17641,17646,AATGG
12,18275,18280,AATGG
12,19458,19463,AATGG
12,20149,20154,AATGG
12,20305,20310,AATGG
12,22132,22137,AATGG
12,23119,23124,AATGG
12,27069,27074,AATGG
12,27900,27905,AATGG
12,29449,29454,AATGG
12,29817,29822,AATGG
12,30433,30438,AATGG
12,31726,31731,AATGG
12,31964,31969,AATGG
12,32384,32389,AATGG
12,34074,34079,AATGG
12,35205,35210,AATGG
12,35323,35328,AATGG
12,35748,35753,AATGG
12,3532,3539,TTTCTAA
12,6979,6986,TTTCTAA
12,7225,7232,TTTCTAA
12,8305,8312,TTTCTAA
12,10541,10548,TTTCTAA
12,11723,11730,TTTCTAA
12,14016,14023,TTTCTAA
12,16048,16055,TTTCTAA
12,16576,16583,TTTCTAA
12,19159,19166,TTTCTAA
12,20575,20582,TTTCTAA
12,29209,29216,TTTCTAA
12,29618,29625,TTTCTAA
12,29708,29715,TTTCTAA
12,30281,30288,TTTCTAA
12,31953,31960,TTTCTAA
12,410,415,AGCAA
12,575,580,AGCAA
12,1805,1810,AGCAA
12,3694,3699,AGCAA
12,4873,4878,AGCAA
12,5615,5620,AGCAA
12,5717,5722,AGCAA
12,6005,6010,AGCAA
12,6110,6115,AGCAA
12,6746,6751,AGCAA
12,7013,7018,AGCAA
12,7064,7069,AGCAA
12,8345,8350,AGCAA
12,8447,8452,AGCAA
12,11283,11288,AGCAA
12,13015,13020,AGCAA
12,13378,13383,AGCAA
12,14038,14043,AGCAA
12,14290,14295,AGCAA
12,14663,14668,AGCAA
12,14954,14959,AGCAA
12,15047,15052,AGCAA
12,15194,15199,AGCAA
12,15605,15610,AGCAA
12,15638,15643,AGCAA
12,17256,17261,AGCAA
12,19899,19904,AGCAA
12,20145,20150,AGCAA
12,21789,21794,AGCAA
12,22041,22046,AGCAA
12,23989,23994,AGCAA
12,25069,25074,AGCAA
12,25257,25262,AGCAA
12,25745,25750,AGCAA
12,25759,25764,AGCAA
12,25819,25824,AGCAA
12,26945,26950,AGCAA
12,27350,27355,AGCAA
12,27932,27937,AGCAA
12,28316,28321,AGCAA
12,28709,28714,AGCAA
12,29225,29230,AGCAA
12,29826,29831,AGCAA
12,31163,31168,AGCAA
12,31836,31841,AGCAA
12,32005,32010,AGCAA
12,32067,32072,AGCAA
12,32095,32100,AGCAA
12,32396,32401,AGCAA
12,32560,32565,AGCAA
12,33704,33709,AGCAA
12,34656,34661,AGCAA
12,35405,35410,AGCAA
12,35780,35785,AGCAA
12,333,338,ACTTC
12,531,536,ACTTC
12,798,803,ACTTC
12,1524,1529,ACTTC
12,2661,2666,ACTTC
12,3282,3287,ACTTC
12,3878,3883,ACTTC
12,3926,3931,ACTTC
12,3968,3973,ACTTC
12,4859,4864,ACTTC
12,5127,5132,ACTTC
12,5145,5150,ACTTC
12,5467,5472,ACTTC
12,5577,5582,ACTTC
12,5661,5666,ACTTC
12,5985,5990,ACTTC
12,6849,6854,ACTTC
12,7176,7181,ACTTC
12,7530,7535,ACTTC
12,7551,7556,ACTTC
12,8106,8111,ACTTC
12,8496,8501,ACTTC
12,8658,8663,ACTTC
12,8887,8892,ACTTC
12,9817,9822,ACTTC
12,9925,9930,ACTTC
12,10657,10662,ACTTC
12,10924,10929,ACTTC
12,11314,11319,ACTTC
12,11440,11445,ACTTC
12,12097,12102,ACTTC
12,12112,12117,ACTTC
12,12361,12366,ACTTC
12,12655,12660,ACTTC
12,12692,12697,ACTTC
12,13353,13358,ACTTC
12,13451,13456,ACTTC
12,13970,13975,ACTTC
12,14225,14230,ACTTC
12,14931,14936,ACTTC
12,15171,15176,ACTTC
12,16140,16145,ACTTC
12,16215,16220,ACTTC
12,16269,16274,ACTTC
12,16329,16334,ACTTC
12,16647,16652,ACTTC
12,18377,18382,ACTTC
12,19729,19734,ACTTC
12,20047,20052,ACTTC
12,20854,20859,ACTTC
12,21446,21451,ACTTC
12,21994,21999,ACTTC
12,22096,22101,ACTTC
12,23711,23716,ACTTC
12,23889,23894,ACTTC
12,23903,23908,ACTTC
12,24032,24037,ACTTC
12,24506,24511,ACTTC
12,24796,24801,ACTTC
12,25244,25249,ACTTC
12,25502,25507,ACTTC
12,25961,25966,ACTTC
12,27927,27932,ACTTC
12,28779,28784,ACTTC
12,29172,29177,ACTTC
12,29530,29535,ACTTC
12,29686,29691,ACTTC
12,30704,30709,ACTTC
12,30938,30943,ACTTC
12,33936,33941,ACTTC
12,34131,34136,ACTTC
12,34239,34244,ACTTC
12,34703,34708,ACTTC
12,35109,35114,ACTTC
12,35938,35943,ACTTC
12,36356,36361,ACTTC
12,549,554,ATTTG
12,963,968,ATTTG
12,2095,2100,ATTTG
12,2484,2489,ATTTG
12,2993,2998,ATTTG
12,3001,3006,ATTTG
12,3139,3144,ATTTG
12,3408,3413,ATTTG
12,3763,3768,ATTTG
12,4829,4834,ATTTG
12,5420,5425,ATTTG
12,5508,5513,ATTTG
12,6078,6083,ATTTG
12,6594,6599,ATTTG
12,6714,6719,ATTTG
12,6781,6786,ATTTG
12,7157,7162,ATTTG
12,7181,7186,ATTTG
12,7377,7382,ATTTG
12,8776,8781,ATTTG
12,8785,8790,ATTTG
12,9131,9136,ATTTG
12,10750,10755,ATTTG
12,10930,10935,ATTTG
12,11454,11459,ATTTG
12,13775,13780,ATTTG
12,14275,14280,ATTTG
12,14611,14616,ATTTG
12,14671,14676,ATTTG
12,15126,15131,ATTTG
12,15894,15899,ATTTG
12,16125,16130,ATTTG
12,16308,16313,ATTTG
12,16349,16354,ATTTG
12,16542,16547,ATTTG
12,17448,17453,ATTTG
12,17511,17516,ATTTG
12,18221,18226,ATTTG
12,18622,18627,ATTTG
12,18901,18906,ATTTG
12,18983,18988,ATTTG
12,19362,19367,ATTTG
12,19699,19704,ATTTG
12,19861,19866,ATTTG
12,19903,19908,ATTTG
12,20562,20567,ATTTG
12,20697,20702,ATTTG
12,20945,20950,ATTTG
12,21079,21084,ATTTG
12,21097,21102,ATTTG
12,21344,21349,ATTTG
12,21871,21876,ATTTG
12,22005,22010,ATTTG
12,22027,22032,ATTTG
12,22307,22312,ATTTG
12,22356,22361,ATTTG
12,22624,22629,ATTTG
12,22726,22731,ATTTG
12,22777,22782,ATTTG
12,22863,22868,ATTTG
12,23035,23040,ATTTG
12,23459,23464,ATTTG
12,23841,23846,ATTTG
12,24424,24429,ATTTG
12,24440,24445,ATTTG
12,24946,24951,ATTTG
12,25561,25566,ATTTG
12,25763,25768,ATTTG
12,25811,25816,ATTTG
12,26099,26104,ATTTG
12,26324,26329,ATTTG
12,26499,26504,ATTTG
12,26883,26888,ATTTG
12,27003,27008,ATTTG
12,27167,27172,ATTTG
12,28889,28894,ATTTG
12,28985,28990,ATTTG
12,29279,29284,ATTTG
12,29423,29428,ATTTG
12,29653,29658,ATTTG
12,29674,29679,ATTTG
12,30175,30180,ATTTG
12,30201,30206,ATTTG
12,30749,30754,ATTTG
12,30997,31002,ATTTG
12,31485,31490,ATTTG
12,32185,32190,ATTTG
12,32473,32478,ATTTG
12,32554,32559,ATTTG
12,32635,32640,ATTTG
12,33852,33857,ATTTG
12,34867,34872,ATTTG
12,35034,35039,ATTTG
12,1741,1747,TCATCA
12,5259,5265,TCATCA
12,6132,6138,TCATCA
12,6153,6159,TCATCA
12,6541,6547,TCATCA
12,6705,6711,TCATCA
12,7554,7560,TCATCA
12,8825,8831,TCATCA
12,8953,8959,TCATCA
12,9032,9038,TCATCA
12,9292,9298,TCATCA
12,10478,10484,TCATCA
12,10660,10666,TCATCA
12,11362,11368,TCATCA
12,13020,13026,TCATCA
12,14297,14303,TCATCA
12,14432,14438,TCATCA
12,14754,14760,TCATCA
12,15441,15447,TCATCA
12,19819,19825,TCATCA
12,21720,21726,TCATCA
12,22486,22492,TCATCA
12,22753,22759,TCATCA
12,22897,22903,TCATCA
12,27510,27516,TCATCA
12,27570,27576,TCATCA
12,27663,27669,TCATCA
12,28173,28179,TCATCA
12,28341,28347,TCATCA
12,28524,28530,TCATCA
12,29662,29668,TCATCA
12,29938,29944,TCATCA
12,29971,29977,TCATCA
12,29974,29980,TCATCA
12,30079,30085,TCATCA
12,30082,30088,TCATCA
12,30380,30386,TCATCA
12,32196,32202,TCATCA
12,33906,33912,TCATCA
12,33909,33915,TCATCA
12,34140,34146,TCATCA
12,3758,3764,GTATTA
12,7185,7191,GTATTA
12,8874,8880,GTATTA
12,11770,11776,GTATTA
12,16893,16899,GTATTA
12,17739,17745,GTATTA
12,19810,19816,GTATTA
12,20875,20881,GTATTA
12,28884,28890,GTATTA
12,31859,31865,GTATTA
12,32658,32664,GTATTA
12,93,98,ACAAC
12,234,239,ACAAC
12,1632,1637,ACAAC
12,4351,4356,ACAAC
12,5751,5756,ACAAC
12,6624,6629,ACAAC
12,8103,8108,ACAAC
12,8331,8336,ACAAC
12,8334,8339,ACAAC
12,8555,8560,ACAAC
12,8941,8946,ACAAC
12,10225,10230,ACAAC
12,10576,10581,ACAAC
12,10654,10659,ACAAC
12,10711,10716,ACAAC
12,11140,11145,ACAAC
12,11890,11895,ACAAC
12,12412,12417,ACAAC
12,12761,12766,ACAAC
12,13045,13050,ACAAC
12,13583,13588,ACAAC
12,15111,15116,ACAAC
12,15374,15379,ACAAC
12,15516,15521,ACAAC
12,15906,15911,ACAAC
12,18033,18038,ACAAC
12,21038,21043,ACAAC
12,21071,21076,ACAAC
12,21260,21265,ACAAC
12,21881,21886,ACAAC
12,24077,24082,ACAAC
12,28947,28952,ACAAC
12,29683,29688,ACAAC
12,30758,30763,ACAAC
12,32275,32280,ACAAC
12,34680,34685,ACAAC
12,756,761,ACATC
12,1836,1841,ACATC
12,1872,1877,ACATC
12,2031,2036,ACATC
12,4665,4670,ACATC
12,6297,6302,ACATC
12,6811,6816,ACATC
12,7321,7326,ACATC
12,8052,8057,ACATC
12,8507,8512,ACATC
12,8730,8735,ACATC
12,8944,8949,ACATC
12,9004,9009,ACATC
12,9430,9435,ACATC
12,9653,9658,ACATC
12,9763,9768,ACATC
12,10228,10233,ACATC
12,10594,10599,ACATC
12,11467,11472,ACATC
12,11893,11898,ACATC
12,12977,12982,ACATC
12,13052,13057,ACATC
12,13112,13117,ACATC
12,14718,14723,ACATC
12,14856,14861,ACATC
12,14964,14969,ACATC
12,16281,16286,ACATC
12,17205,17210,ACATC
12,17299,17304,ACATC
12,17380,17385,ACATC
12,17561,17566,ACATC
12,17931,17936,ACATC
12,18356,18361,ACATC
12,18384,18389,ACATC
12,19088,19093,ACATC
12,19218,19223,ACATC
12,19633,19638,ACATC
12,19687,19692,ACATC
12,20035,20040,ACATC
12,20473,20478,ACATC
12,20596,20601,ACATC
12,22768,22773,ACATC
12,26579,26584,ACATC
12,27295,27300,ACATC
12,27486,27491,ACATC
12,31352,31357,ACATC
12,32615,32620,ACATC
12,32797,32802,ACATC
12,32803,32808,ACATC
12,34061,34066,ACATC
12,34374,34379,ACATC
12,364,370,TTGAAC
12,1576,1582,TTGAAC
12,2078,2084,TTGAAC
12,2613,2619,TTGAAC
12,2753,2759,TTGAAC
12,5030,5036,TTGAAC
12,5672,5678,TTGAAC
12,7107,7113,TTGAAC
12,7613,7619,TTGAAC
12,7895,7901,TTGAAC
12,8012,8018,TTGAAC
12,9272,9278,TTGAAC
12,9684,9690,TTGAAC
12,10277,10283,TTGAAC
12,12592,12598,TTGAAC
12,13102,13108,TTGAAC
12,14996,15002,TTGAAC
12,15804,15810,TTGAAC
12,16211,16217,TTGAAC
12,16876,16882,TTGAAC
12,17502,17508,TTGAAC
12,18937,18943,TTGAAC
12,19214,19220,TTGAAC
12,20848,20854,TTGAAC
12,21456,21462,TTGAAC
12,21540,21546,TTGAAC
12,22092,22098,TTGAAC
12,25498,25504,TTGAAC
12,25548,25554,TTGAAC
12,25566,25572,TTGAAC
12,25653,25659,TTGAAC
12,26442,26448,TTGAAC
12,27334,27340,TTGAAC
12,30568,30574,TTGAAC
12,32145,32151,TTGAAC
12,33689,33695,TTGAAC
12,2564,2570,ATACAC
12,4490,4496,ATACAC
12,9695,9701,ATACAC
12,10071,10077,ATACAC
12,14911,14917,ATACAC
12,15076,15082,ATACAC
12,24855,24861,ATACAC
12,25215,25221,ATACAC
12,26181,26187,ATACAC
12,31906,31912,ATACAC
12,32077,32083,ATACAC
12,33544,33550,ATACAC
12,33751,33757,ATACAC
12,1389,1394,CCAAA
12,3197,3202,CCAAA
12,4779,4784,CCAAA
12,4992,4997,CCAAA
12,6614,6619,CCAAA
12,7547,7552,CCAAA
12,8426,8431,CCAAA
12,8664,8669,CCAAA
12,9835,9840,CCAAA
12,11044,11049,CCAAA
12,12425,12430,CCAAA
12,12704,12709,CCAAA
12,13703,13708,CCAAA
12,16161,16166,CCAAA
12,16677,16682,CCAAA
12,16867,16872,CCAAA
12,17614,17619,CCAAA
12,17997,18002,CCAAA
12,18580,18585,CCAAA
12,20302,20307,CCAAA
12,20510,20515,CCAAA
12,21412,21417,CCAAA
12,21686,21691,CCAAA
12,22684,22689,CCAAA
12,22705,22710,CCAAA
12,24638,24643,CCAAA
12,24860,24865,CCAAA
12,25407,25412,CCAAA
12,25658,25663,CCAAA
12,26418,26423,CCAAA
12,26872,26877,CCAAA
12,27672,27677,CCAAA
12,29352,29357,CCAAA
12,29806,29811,CCAAA
12,30629,30634,CCAAA
12,32443,32448,CCAAA
12,32918,32923,CCAAA
12,33342,33347,CCAAA
12,34676,34681,CCAAA
12,34830,34835,CCAAA
12,34921,34926,CCAAA
12,1874,1880,ATCAAT
12,2729,2735,ATCAAT
12,3497,3503,ATCAAT
12,4733,4739,ATCAAT
12,6477,6483,ATCAAT
12,6579,6585,ATCAAT
12,7850,7856,ATCAAT
12,8192,8198,ATCAAT
12,8732,8738,ATCAAT
12,8827,8833,ATCAAT
12,9034,9040,ATCAAT
12,10849,10855,ATCAAT
12,11874,11880,ATCAAT
12,12922,12928,ATCAAT
12,13168,13174,ATCAAT
12,14627,14633,ATCAAT
12,15149,15155,ATCAAT
12,15402,15408,ATCAAT
12,16062,16068,ATCAAT
12,17248,17254,ATCAAT
12,17933,17939,ATCAAT
12,18317,18323,ATCAAT
12,19010,19016,ATCAAT
12,19722,19728,ATCAAT
12,19857,19863,ATCAAT
12,19866,19872,ATCAAT
12,20109,20115,ATCAAT
12,20232,20238,ATCAAT
12,24310,24316,ATCAAT
12,24523,24529,ATCAAT
12,25441,25447,ATCAAT
12,28175,28181,ATCAAT
12,28184,28190,ATCAAT
12,28526,28532,ATCAAT
12,29470,29476,ATCAAT
12,29976,29982,ATCAAT
12,30586,30592,ATCAAT
12,31048,31054,ATCAAT
12,31111,31117,ATCAAT
12,32967,32973,ATCAAT
12,34142,34148,ATCAAT
12,34951,34957,ATCAAT
12,35086,35092,ATCAAT
12,35269,35275,ATCAAT
12,11284,11290,GCAATG
12,15195,15201,GCAATG
12,18273,18279,GCAATG
12,25802,25808,GCAATG
12,26946,26952,GCAATG
12,28842,28848,GCAATG
12,29128,29134,GCAATG
12,32096,32102,GCAATG
12,32345,32351,GCAATG
12,32561,32567,GCAATG
12,3994,4001,TTGTTCA
12,6080,6087,TTGTTCA
12,11736,11743,TTGTTCA
12,13204,13211,TTGTTCA
12,13777,13784,TTGTTCA
12,14750,14757,TTGTTCA
12,16544,16551,TTGTTCA
12,17277,17284,TTGTTCA
12,20947,20954,TTGTTCA
12,26939,26946,TTGTTCA
12,27152,27159,TTGTTCA
12,28109,28116,TTGTTCA
12,29934,29941,TTGTTCA
12,33458,33465,TTGTTCA
12,938,943,AGATA
12,949,954,AGATA
12,2365,2370,AGATA
12,2868,2873,AGATA
12,3600,3605,AGATA
12,4804,4809,AGATA
12,5324,5329,AGATA
12,5621,5626,AGATA
12,6330,6335,AGATA
12,7790,7795,AGATA
12,8288,8293,AGATA
12,12021,12026,AGATA
12,13415,13420,AGATA
12,13927,13932,AGATA
12,14571,14576,AGATA
12,17873,17878,AGATA
12,18001,18006,AGATA
12,19343,19348,AGATA
12,21349,21354,AGATA
12,22320,22325,AGATA
12,23129,23134,AGATA
12,23353,23358,AGATA
12,24101,24106,AGATA
12,25213,25218,AGATA
12,25388,25393,AGATA
12,26083,26088,AGATA
12,26608,26613,AGATA
12,27158,27163,AGATA
12,27736,27741,AGATA
12,29853,29858,AGATA
12,32701,32706,AGATA
12,32937,32942,AGATA
12,34526,34531,AGATA
12,34880,34885,AGATA
12,35162,35167,AGATA
12,35201,35206,AGATA
12,35382,35387,AGATA
12,36054,36059,AGATA
12,12201,12209,ATATTTTG
12,34748,34756,ATATTTTG
12,36088,36096,ATATTTTG
12,4172,4178,TATTAA
12,7189,7195,TATTAA
12,8875,8881,TATTAA
12,11081,11087,TATTAA
12,12339,12345,TATTAA
12,12484,12490,TATTAA
12,13162,13168,TATTAA
12,13404,13410,TATTAA
12,17740,17746,TATTAA
12,18236,18242,TATTAA
12,19811,19817,TATTAA
12,20114,20120,TATTAA
12,21142,21148,TATTAA
12,22427,22433,TATTAA
12,23115,23121,TATTAA
12,23785,23791,TATTAA
12,24760,24766,TATTAA
12,25507,25513,TATTAA
12,27020,27026,TATTAA
12,27178,27184,TATTAA
12,27478,27484,TATTAA
12,28267,28273,TATTAA
12,29200,29206,TATTAA
12,31087,31093,TATTAA
12,31776,31782,TATTAA
12,32212,32218,TATTAA
12,32379,32385,TATTAA
12,32674,32680,TATTAA
12,33323,33329,TATTAA
12,33434,33440,TATTAA
12,35228,35234,TATTAA
12,36173,36179,TATTAA
12,787,792,ATAAG
12,1622,1627,ATAAG
12,2326,2331,ATAAG
12,2594,2599,ATAAG
12,3179,3184,ATAAG
12,5254,5259,ATAAG
12,5326,5331,ATAAG
12,5587,5592,ATAAG
12,5623,5628,ATAAG
12,7010,7015,ATAAG
12,7403,7408,ATAAG
12,7969,7974,ATAAG
12,8339,8344,ATAAG
12,11258,11263,ATAAG
12,12165,12170,ATAAG
12,12477,12482,ATAAG
12,13882,13887,ATAAG
12,14517,14522,ATAAG
12,17569,17574,ATAAG
12,17585,17590,ATAAG
12,18173,18178,ATAAG
12,18794,18799,ATAAG
12,18872,18877,ATAAG
12,22160,22165,ATAAG
12,23662,23667,ATAAG
12,23772,23777,ATAAG
12,24021,24026,ATAAG
12,24056,24061,ATAAG
12,24746,24751,ATAAG
12,25366,25371,ATAAG
12,26144,26149,ATAAG
12,28743,28748,ATAAG
12,29544,29549,ATAAG
12,29631,29636,ATAAG
12,29751,29756,ATAAG
12,30464,30469,ATAAG
12,31123,31128,ATAAG
12,33869,33874,ATAAG
12,34523,34528,ATAAG
12,35836,35841,ATAAG
12,2358,2363,GATTC
12,5139,5144,GATTC
12,8097,8102,GATTC
12,8151,8156,GATTC
12,9049,9054,GATTC
12,10042,10047,GATTC
12,10372,10377,GATTC
12,10475,10480,GATTC
12,11458,11463,GATTC
12,12187,12192,GATTC
12,12432,12437,GATTC
12,12537,12542,GATTC
12,15874,15879,GATTC
12,16228,16233,GATTC
12,16422,16427,GATTC
12,16563,16568,GATTC
12,16918,16923,GATTC
12,19462,19467,GATTC
12,19966,19971,GATTC
12,23744,23749,GATTC
12,24716,24721,GATTC
12,25636,25641,GATTC
12,26045,26050,GATTC
12,26328,26333,GATTC
12,27681,27686,GATTC
12,27876,27881,GATTC
12,30076,30081,GATTC
12,30819,30824,GATTC
12,31210,31215,GATTC
12,31944,31949,GATTC
12,32778,32783,GATTC
12,34137,34142,GATTC
12,34818,34823,GATTC
12,35370,35375,GATTC
12,36341,36346,GATTC
12,1288,1294,TAATAT
12,1498,1504,TAATAT
12,3644,3650,TAATAT
12,5017,5023,TAATAT
12,5785,5791,TAATAT
12,6241,6247,TAATAT
12,6859,6865,TAATAT
12,7006,7012,TAATAT
12,12668,12674,TAATAT
12,14522,14528,TAATAT
12,15495,15501,TAATAT
12,17780,17786,TAATAT
12,18447,18453,TAATAT
12,18790,18796,TAATAT
12,19533,19539,TAATAT
12,20057,20063,TAATAT
12,21111,21117,TAATAT
12,21669,21675,TAATAT
12,23579,23585,TAATAT
12,23788,23794,TAATAT
12,23926,23932,TAATAT
12,24664,24670,TAATAT
12,24721,24727,TAATAT
12,26058,26064,TAATAT
12,27017,27023,TAATAT
12,27139,27145,TAATAT
12,28969,28975,TAATAT
12,31008,31014,TAATAT
12,31116,31122,TAATAT
12,31173,31179,TAATAT
12,33208,33214,TAATAT
12,33268,33274,TAATAT
12,33431,33437,TAATAT
12,33511,33517,TAATAT
12,34291,34297,TAATAT
12,14,19,TAAAA
12,53,58,TAAAA
12,893,898,TAAAA
12,1261,1266,TAAAA
12,1282,1287,TAAAA
12,3665,3670,TAAAA
12,3775,3780,TAAAA
12,4201,4206,TAAAA
12,4694,4699,TAAAA
12,4708,4713,TAAAA
12,5072,5077,TAAAA
12,8057,8062,TAAAA
12,8798,8803,TAAAA
12,8832,8837,TAAAA
12,9906,9911,TAAAA
12,10206,10211,TAAAA
12,11796,11801,TAAAA
12,12254,12259,TAAAA
12,12490,12495,TAAAA
12,12576,12581,TAAAA
12,12856,12861,TAAAA
12,12861,12866,TAAAA
12,13093,13098,TAAAA
12,13321,13326,TAAAA
12,13392,13397,TAAAA
12,13831,13836,TAAAA
12,13918,13923,TAAAA
12,14373,14378,TAAAA
12,14382,14387,TAAAA
12,14504,14509,TAAAA
12,15504,15509,TAAAA
12,16019,16024,TAAAA
12,16056,16061,TAAAA
12,16448,16453,TAAAA
12,17097,17102,TAAAA
12,17534,17539,TAAAA
12,17762,17767,TAAAA
12,18118,18123,TAAAA
12,18452,18457,TAAAA
12,18751,18756,TAAAA
12,18835,18840,TAAAA
12,18907,18912,TAAAA
12,18970,18975,TAAAA
12,19397,19402,TAAAA
12,19683,19688,TAAAA
12,19814,19819,TAAAA
12,19848,19853,TAAAA
12,20070,20075,TAAAA
12,20354,20359,TAAAA
12,20693,20698,TAAAA
12,21067,21072,TAAAA
12,21121,21126,TAAAA
12,21145,21150,TAAAA
12,21845,21850,TAAAA
12,21908,21913,TAAAA
12,22562,22567,TAAAA
12,22620,22625,TAAAA
12,23507,23512,TAAAA
12,23538,23543,TAAAA
12,23626,23631,TAAAA
12,23680,23685,TAAAA
12,23702,23707,TAAAA
12,23737,23742,TAAAA
12,23795,23800,TAAAA
12,24145,24150,TAAAA
12,24379,24384,TAAAA
12,24472,24477,TAAAA
12,24489,24494,TAAAA
12,24511,24516,TAAAA
12,24604,24609,TAAAA
12,24696,24701,TAAAA
12,24810,24815,TAAAA
12,24876,24881,TAAAA
12,24916,24921,TAAAA
12,25473,25478,TAAAA
12,25510,25515,TAAAA
12,25579,25584,TAAAA
12,25794,25799,TAAAA
12,26104,26109,TAAAA
12,26567,26572,TAAAA
12,26611,26616,TAAAA
12,26723,26728,TAAAA
12,26860,26865,TAAAA
12,27257,27262,TAAAA
12,27461,27466,TAAAA
12,27518,27523,TAAAA
12,28310,28315,TAAAA
12,29036,29041,TAAAA
12,29203,29208,TAAAA
12,29445,29450,TAAAA
12,29583,29588,TAAAA
12,30745,30750,TAAAA
12,30991,30996,TAAAA
12,31102,31107,TAAAA
12,31717,31722,TAAAA
12,31779,31784,TAAAA
12,31957,31962,TAAAA
12,32041,32046,TAAAA
12,32903,32908,TAAAA
12,33730,33735,TAAAA
12,33860,33865,TAAAA
12,34457,34462,TAAAA
12,34509,34514,TAAAA
12,34549,34554,TAAAA
12,34591,34596,TAAAA
12,34643,34648,TAAAA
12,35165,35170,TAAAA
12,35299,35304,TAAAA
12,35627,35632,TAAAA
12,35668,35673,TAAAA
12,35743,35748,TAAAA
12,35797,35802,TAAAA
12,35890,35895,TAAAA
12,35914,35919,TAAAA
12,35948,35953,TAAAA
12,36026,36031,TAAAA
12,1802,1807,TGCAG
12,2087,2092,TGCAG
12,2624,2629,TGCAG
12,3356,3361,TGCAG
12,5321,5326,TGCAG
12,5387,5392,TGCAG
12,9162,9167,TGCAG
12,12159,12164,TGCAG
12,12730,12735,TGCAG
12,13645,13650,TGCAG
12,13693,13698,TGCAG
12,14062,14067,TGCAG
12,14621,14626,TGCAG
12,15536,15541,TGCAG
12,15887,15892,TGCAG
12,16370,16375,TGCAG
12,24152,24157,TGCAG
12,25183,25188,TGCAG
12,25297,25302,TGCAG
12,29222,29227,TGCAG
12,31993,31998,TGCAG
12,32002,32007,TGCAG
12,32506,32511,TGCAG
12,376,382,CAGCTA
12,10997,11003,CAGCTA
12,11555,11561,CAGCTA
12,14064,14070,CAGCTA
12,14229,14235,CAGCTA
12,18573,18579,CAGCTA
12,25353,25359,CAGCTA
12,25977,25983,CAGCTA
12,27685,27691,CAGCTA
12,33100,33106,CAGCTA
12,10,15,ACATT
12,475,480,ACATT
12,1420,1425,ACATT
12,1603,1608,ACATT
12,1769,1774,ACATT
12,2138,2143,ACATT
12,3008,3013,ACATT
12,5027,5032,ACATT
12,5050,5055,ACATT
12,5506,5511,ACATT
12,6023,6028,ACATT
12,6076,6081,ACATT
12,7327,7332,ACATT
12,7676,7681,ACATT
12,7684,7689,ACATT
12,8561,8566,ACATT
12,9323,9328,ACATT
12,9985,9990,ACATT
12,11126,11131,ACATT
12,12284,12289,ACATT
12,12608,12613,ACATT
12,12698,12703,ACATT
12,12917,12922,ACATT
12,13296,13301,ACATT
12,13752,13757,ACATT
12,13988,13993,ACATT
12,14334,14339,ACATT
12,15343,15348,ACATT
12,15994,15999,ACATT
12,16944,16949,ACATT
12,17002,17007,ACATT
12,17285,17290,ACATT
12,17499,17504,ACATT
12,17790,17795,ACATT
12,17962,17967,ACATT
12,19360,19365,ACATT
12,20271,20276,ACATT
12,20581,20586,ACATT
12,20713,20718,ACATT
12,20819,20824,ACATT
12,21095,21100,ACATT
12,21149,21154,ACATT
12,21227,21232,ACATT
12,21662,21667,ACATT
12,22244,22249,ACATT
12,24173,24178,ACATT
12,24206,24211,ACATT
12,24609,24614,ACATT
12,24615,24620,ACATT
12,25559,25564,ACATT
12,25584,25589,ACATT
12,26350,26355,ACATT
12,26392,26397,ACATT
12,26465,26470,ACATT
12,26497,26502,ACATT
12,27676,27681,ACATT
12,28430,28435,ACATT
12,28542,28547,ACATT
12,30260,30265,ACATT
12,31092,31097,ACATT
12,32081,32086,ACATT
12,32361,32366,ACATT
12,32447,32452,ACATT
12,32991,32996,ACATT
12,34484,34489,ACATT
12,34661,34666,ACATT
12,34723,34728,ACATT
12,34889,34894,ACATT
12,34967,34972,ACATT
12,34985,34990,ACATT
12,35454,35459,ACATT
12,35542,35547,ACATT
12,35757,35762,ACATT
12,36169,36174,ACATT
12,1484,1490,TTTATT
12,4551,4557,TTTATT
12,8792,8798,TTTATT
12,12546,12552,TTTATT
12,12682,12688,TTTATT
12,14605,14611,TTTATT
12,16595,16601,TTTATT
12,16910,16916,TTTATT
12,17066,17072,TTTATT
12,17191,17197,TTTATT
12,17196,17202,TTTATT
12,17358,17364,TTTATT
12,17392,17398,TTTATT
12,17445,17451,TTTATT
12,17683,17689,TTTATT
12,19124,19130,TTTATT
12,19373,19379,TTTATT
12,19761,19767,TTTATT
12,21104,21110,TTTATT
12,21853,21859,TTTATT
12,22075,22081,TTTATT
12,23783,23789,TTTATT
12,23874,23880,TTTATT
12,24241,24247,TTTATT
12,26547,26553,TTTATT
12,26677,26683,TTTATT
12,26803,26809,TTTATT
12,27176,27182,TTTATT
12,28913,28919,TTTATT
12,30115,30121,TTTATT
12,30874,30880,TTTATT
12,31085,31091,TTTATT
12,31192,31198,TTTATT
12,31530,31536,TTTATT
12,31877,31883,TTTATT
12,32030,32036,TTTATT
12,32783,32789,TTTATT
12,32874,32880,TTTATT
12,34636,34642,TTTATT
12,34726,34732,TTTATT
12,35008,35014,TTTATT
12,35012,35018,TTTATT
12,35118,35124,TTTATT
12,35349,35355,TTTATT
12,7188,7194,TTATTA
12,13161,13167,TTATTA
12,13403,13409,TTATTA
12,14606,14612,TTATTA
12,15447,15453,TTATTA
12,18557,18563,TTATTA
12,19117,19123,TTATTA
12,19374,19380,TTATTA
12,22426,22432,TTATTA
12,23784,23790,TTATTA
12,24759,24765,TTATTA
12,26804,26810,TTATTA
12,27177,27183,TTATTA
12,28128,28134,TTATTA
12,28914,28920,TTATTA
12,30116,30122,TTATTA
12,31086,31092,TTATTA
12,31772,31778,TTATTA
12,31775,31781,TTATTA
12,31862,31868,TTATTA
12,32211,32217,TTATTA
12,32249,32255,TTATTA
12,32729,32735,TTATTA
12,35119,35125,TTATTA
12,35227,35233,TTATTA
12,35350,35356,TTATTA
12,36172,36178,TTATTA
12,75,80,TATTT
12,1291,1296,TATTT
12,1337,1342,TATTT
12,1438,1443,TATTT
12,1486,1491,TATTT
12,2871,2876,TATTT
12,3000,3005,TATTT
12,3558,3563,TATTT
12,3762,3767,TATTT
12,4179,4184,TATTT
12,4435,4440,TATTT
12,4553,4558,TATTT
12,4815,4820,TATTT
12,5020,5025,TATTT
12,5175,5180,TATTT
12,5419,5424,TATTT
12,6149,6154,TATTT
12,6713,6718,TATTT
12,7207,7212,TATTT
12,7945,7950,TATTT
12,8256,8261,TATTT
12,8547,8552,TATTT
12,8705,8710,TATTT
12,8725,8730,TATTT
12,8775,8780,TATTT
12,8794,8799,TATTT
12,11540,11545,TATTT
12,12202,12207,TATTT
12,12544,12549,TATTT
12,12567,12572,TATTT
12,12684,12689,TATTT
12,13427,13432,TATTT
12,13811,13816,TATTT
12,14554,14559,TATTT
12,14574,14579,TATTT
12,14610,14615,TATTT
12,15431,15436,TATTT
12,16124,16129,TATTT
12,16402,16407,TATTT
12,16597,16602,TATTT
12,16770,16775,TATTT
12,16897,16902,TATTT
12,16908,16913,TATTT
12,16912,16917,TATTT
12,16957,16962,TATTT
12,17043,17048,TATTT
12,17193,17198,TATTT
12,17198,17203,TATTT
12,17447,17452,TATTT
12,17461,17466,TATTT
12,17574,17579,TATTT
12,17731,17736,TATTT
12,17843,17848,TATTT
12,18346,18351,TATTT
12,19020,19025,TATTT
12,19121,19126,TATTT
12,19126,19131,TATTT
12,19350,19355,TATTT
12,19759,19764,TATTT
12,20181,20186,TATTT
12,20620,20625,TATTT
12,21090,21095,TATTT
12,21106,21111,TATTT
12,21114,21119,TATTT
12,21371,21376,TATTT
12,21737,21742,TATTT
12,21941,21946,TATTT
12,22004,22009,TATTT
12,22880,22885,TATTT
12,23840,23845,TATTT
12,23846,23851,TATTT
12,23876,23881,TATTT
12,23933,23938,TATTT
12,24243,24248,TATTT
12,24784,24789,TATTT
12,25146,25151,TATTT
12,25599,25604,TATTT
12,26241,26246,TATTT
12,26453,26458,TATTT
12,26508,26513,TATTT
12,26549,26554,TATTT
12,26674,26679,TATTT
12,26679,26684,TATTT
12,26955,26960,TATTT
12,27142,27147,TATTT
12,27409,27414,TATTT
12,28393,28398,TATTT
12,28605,28610,TATTT
12,28888,28893,TATTT
12,28972,28977,TATTT
12,29278,29283,TATTT
12,29652,29657,TATTT
12,30876,30881,TATTT
12,30996,31001,TATTT
12,31194,31199,TATTT
12,31464,31469,TATTT
12,31496,31501,TATTT
12,31632,31637,TATTT
12,31750,31755,TATTT
12,31875,31880,TATTT
12,31879,31884,TATTT
12,32028,32033,TATTT
12,32032,32037,TATTT
12,32184,32189,TATTT
12,32308,32313,TATTT
12,32428,32433,TATTT
12,32662,32667,TATTT
12,32785,32790,TATTT
12,32876,32881,TATTT
12,32940,32945,TATTT
12,33084,33089,TATTT
12,33551,33556,TATTT
12,34505,34510,TATTT
12,34749,34754,TATTT
12,35010,35015,TATTT
12,35014,35019,TATTT
12,35156,35161,TATTT
12,35385,35390,TATTT
12,35468,35473,TATTT
12,35663,35668,TATTT
12,36009,36014,TATTT
12,36078,36083,TATTT
12,36089,36094,TATTT
12,1109,1115,AATCAT
12,2989,2995,AATCAT
12,6221,6227,AATCAT
12,8060,8066,AATCAT
12,8823,8829,AATCAT
12,12197,12203,AATCAT
12,13018,13024,AATCAT
12,13364,13370,AATCAT
12,15405,15411,AATCAT
12,15478,15484,AATCAT
12,17172,17178,AATCAT
12,17474,17480,AATCAT
12,17597,17603,AATCAT
12,17726,17732,AATCAT
12,19781,19787,AATCAT
12,19817,19823,AATCAT
12,20016,20022,AATCAT
12,20889,20895,AATCAT
12,22719,22725,AATCAT
12,23557,23563,AATCAT
12,24198,24204,AATCAT
12,24363,24369,AATCAT
12,31063,31069,AATCAT
12,31927,31933,AATCAT
12,31983,31989,AATCAT
12,32280,32286,AATCAT
12,34941,34947,AATCAT
12,35917,35923,AATCAT
12,1390,1397,CAAAAAA
12,21586,21593,CAAAAAA
12,26710,26717,CAAAAAA
12,32692,32699,CAAAAAA
12,35238,35245,CAAAAAA
12,3640,3646,TCATTA
12,4848,4854,TCATTA
12,5736,5742,TCATTA
12,7002,7008,TCATTA
12,7627,7633,TCATTA
12,8977,8983,TCATTA
12,10366,10372,TCATTA
12,12071,12077,TCATTA
12,13248,13254,TCATTA
12,13282,13288,TCATTA
12,13366,13372,TCATTA
12,15407,15413,TCATTA
12,15444,15450,TCATTA
12,17071,17077,TCATTA
12,17422,17428,TCATTA
12,18340,18346,TCATTA
12,18387,18393,TCATTA
12,18977,18983,TCATTA
12,19606,19612,TCATTA
12,20104,20110,TCATTA
12,21729,21735,TCATTA
12,21764,21770,TCATTA
12,21945,21951,TCATTA
12,22169,22175,TCATTA
12,22660,22666,TCATTA
12,24200,24206,TCATTA
12,24449,24455,TCATTA
12,25827,25833,TCATTA
12,26757,26763,TCATTA
12,27394,27400,TCATTA
12,28677,28683,TCATTA
12,29245,29251,TCATTA
12,29476,29482,TCATTA
12,30334,30340,TCATTA
12,30809,30815,TCATTA
12,30911,30917,TCATTA
12,31262,31268,TCATTA
12,31929,31935,TCATTA
12,33114,33120,TCATTA
12,33394,33400,TCATTA
12,33775,33781,TCATTA
12,33916,33922,TCATTA
12,34234,34240,TCATTA
12,34447,34453,TCATTA
12,35919,35925,TCATTA
12,7431,7437,CGAATC
12,19564,19570,CGAATC
12,23278,23284,CGAATC
12,25909,25915,CGAATC
12,27343,27349,CGAATC
12,29022,29028,CGAATC
12,17295,17301,CATGAC
12,23530,23536,CATGAC
12,24045,24051,CATGAC
12,24231,24237,CATGAC
12,25782,25788,CATGAC
12,26516,26522,CATGAC
12,27574,27580,CATGAC
12,30063,30069,CATGAC
12,33487,33493,CATGAC
12,34211,34217,CATGAC
12,755,760,TACAT
12,1419,1424,TACAT
12,1545,1550,TACAT
12,1619,1624,TACAT
12,2137,2142,TACAT
12,4487,4492,TACAT
12,4768,4773,TACAT
12,5068,5073,TACAT
12,6075,6080,TACAT
12,7683,7688,TACAT
12,8051,8056,TACAT
12,8560,8565,TACAT
12,8729,8734,TACAT
12,9003,9008,TACAT
12,9322,9327,TACAT
12,9429,9434,TACAT
12,9762,9767,TACAT
12,10556,10561,TACAT
12,10593,10598,TACAT
12,11466,11471,TACAT
12,12607,12612,TACAT
12,12697,12702,TACAT
12,14717,14722,TACAT
12,14963,14968,TACAT
12,15017,15022,TACAT
12,16943,16948,TACAT
12,17093,17098,TACAT
12,17204,17209,TACAT
12,17241,17246,TACAT
12,17293,17298,TACAT
12,17560,17565,TACAT
12,17789,17794,TACAT
12,18141,18146,TACAT
12,18383,18388,TACAT
12,18424,18429,TACAT
12,18643,18648,TACAT
12,19346,19351,TACAT
12,19415,19420,TACAT
12,19755,19760,TACAT
12,20034,20039,TACAT
12,20703,20708,TACAT
12,20712,20717,TACAT
12,20814,20819,TACAT
12,20818,20823,TACAT
12,21094,21099,TACAT
12,21243,21248,TACAT
12,21554,21559,TACAT
12,22767,22772,TACAT
12,23659,23664,TACAT
12,24172,24177,TACAT
12,24229,24234,TACAT
12,24901,24906,TACAT
12,25780,25785,TACAT
12,26391,26396,TACAT
12,26496,26501,TACAT
12,26578,26583,TACAT
12,26769,26774,TACAT
12,27485,27490,TACAT
12,28429,28434,TACAT
12,30259,30264,TACAT
12,31285,31290,TACAT
12,32057,32062,TACAT
12,32360,32365,TACAT
12,32614,32619,TACAT
12,32796,32801,TACAT
12,32990,32995,TACAT
12,33124,33129,TACAT
12,34453,34458,TACAT
12,34483,34488,TACAT
12,34722,34727,TACAT
12,34984,34989,TACAT
12,35453,35458,TACAT
12,36144,36149,TACAT
12,36168,36173,TACAT
12,18,23,AAAAG
12,894,899,AAAAG
12,1353,1358,AAAAG
12,3666,3671,AAAAG
12,4801,4806,AAAAG
12,8666,8671,AAAAG
12,11797,11802,AAAAG
12,12492,12497,AAAAG
12,12500,12505,AAAAG
12,12577,12582,AAAAG
12,12707,12712,AAAAG
12,13096,13101,AAAAG
12,13919,13924,AAAAG
12,14386,14391,AAAAG
12,14409,14414,AAAAG
12,16020,16025,AAAAG
12,16726,16731,AAAAG
12,18582,18587,AAAAG
12,20607,20612,AAAAG
12,21589,21594,AAAAG
12,22517,22522,AAAAG
12,23629,23634,AAAAG
12,24918,24923,AAAAG
12,25474,25479,AAAAG
12,25511,25516,AAAAG
12,25795,25800,AAAAG
12,26105,26110,AAAAG
12,31103,31108,AAAAG
12,31780,31785,AAAAG
12,32605,32610,AAAAG
12,32695,32700,AAAAG
12,33893,33898,AAAAG
12,34511,34516,AAAAG
12,34644,34649,AAAAG
12,34832,34837,AAAAG
12,35336,35341,AAAAG
12,35435,35440,AAAAG
12,35670,35675,AAAAG
12,35949,35954,AAAAG
12,36027,36032,AAAAG
12,1351,1357,CAAAAA
12,1390,1396,CAAAAA
12,12443,12449,CAAAAA
12,12498,12504,CAAAAA
12,12705,12711,CAAAAA
12,14407,14413,CAAAAA
12,21586,21592,CAAAAA
12,23991,23997,CAAAAA
12,24861,24867,CAAAAA
12,26397,26403,CAAAAA
12,26710,26716,CAAAAA
12,28990,28996,CAAAAA
12,31502,31508,CAAAAA
12,32692,32698,CAAAAA
12,35150,35156,CAAAAA
12,35238,35244,CAAAAA
12,279,284,TAGTT
12,1313,1318,TAGTT
12,1732,1737,TAGTT
12,2893,2898,TAGTT
12,3830,3835,TAGTT
12,3896,3901,TAGTT
12,4077,4082,TAGTT
12,4216,4221,TAGTT
12,4232,4237,TAGTT
12,4619,4624,TAGTT
12,6559,6564,TAGTT
12,7242,7247,TAGTT
12,7597,7602,TAGTT
12,7646,7651,TAGTT
12,8491,8496,TAGTT
12,8634,8639,TAGTT
12,10120,10125,TAGTT
12,11859,11864,TAGTT
12,11956,11961,TAGTT
12,12326,12331,TAGTT
12,12379,12384,TAGTT
12,12769,12774,TAGTT
12,14305,14310,TAGTT
12,14656,14661,TAGTT
12,15305,15310,TAGTT
12,15628,15633,TAGTT
12,15646,15651,TAGTT
12,16088,16093,TAGTT
12,17775,17780,TAGTT
12,18598,18603,TAGTT
12,18609,18614,TAGTT
12,19370,19375,TAGTT
12,19987,19992,TAGTT
12,20791,20796,TAGTT
12,23440,23445,TAGTT
12,23882,23887,TAGTT
12,24330,24335,TAGTT
12,25015,25020,TAGTT
12,25095,25100,TAGTT
12,25177,25182,TAGTT
12,26846,26851,TAGTT
12,26926,26931,TAGTT
12,27046,27051,TAGTT
12,27221,27226,TAGTT
12,27895,27900,TAGTT
12,29561,29566,TAGTT
12,29918,29923,TAGTT
12,30120,30125,TAGTT
12,32253,32258,TAGTT
12,33659,33664,TAGTT
12,35135,35140,TAGTT
12,1172,1177,TGTTA
12,1685,1690,TGTTA
12,2579,2584,TGTTA
12,4065,4070,TGTTA
12,4950,4955,TGTTA
12,5104,5109,TGTTA
12,5115,5120,TGTTA
12,6413,6418,TGTTA
12,7412,7417,TGTTA
12,7594,7599,TGTTA
12,8077,8082,TGTTA
12,9635,9640,TGTTA
12,10634,10639,TGTTA
12,10737,10742,TGTTA
12,10947,10952,TGTTA
12,11850,11855,TGTTA
12,14107,14112,TGTTA
12,14236,14241,TGTTA
12,14864,14869,TGTTA
12,15457,15462,TGTTA
12,15601,15606,TGTTA
12,16106,16111,TGTTA
12,16181,16186,TGTTA
12,17693,17698,TGTTA
12,17786,17791,TGTTA
12,18029,18034,TGTTA
12,19115,19120,TGTTA
12,21617,21622,TGTTA
12,21874,21879,TGTTA
12,22035,22040,TGTTA
12,23504,23509,TGTTA
12,25470,25475,TGTTA
12,26206,26211,TGTTA
12,26766,26771,TGTTA
12,27170,27175,TGTTA
12,27191,27196,TGTTA
12,27218,27223,TGTTA
12,28225,28230,TGTTA
12,28850,28855,TGTTA
12,29691,29696,TGTTA
12,31515,31520,TGTTA
12,31795,31800,TGTTA
12,32349,32354,TGTTA
12,32611,32616,TGTTA
12,33053,33058,TGTTA
12,33280,33285,TGTTA
12,34124,34129,TGTTA
12,35500,35505,TGTTA
12,35958,35963,TGTTA
12,36379,36384,TGTTA
12,4769,4774,ACATG
12,8380,8385,ACATG
12,9317,9322,ACATG
12,9560,9565,ACATG
12,9667,9672,ACATG
12,10263,10268,ACATG
12,10378,10383,ACATG
12,10557,10562,ACATG
12,16657,16662,ACATG
12,17242,17247,ACATG
12,17294,17299,ACATG
12,17400,17405,ACATG
12,18142,18147,ACATG
12,18425,18430,ACATG
12,18522,18527,ACATG
12,18644,18649,ACATG
12,21244,21249,ACATG
12,23529,23534,ACATG
12,24044,24049,ACATG
12,24230,24235,ACATG
12,24579,24584,ACATG
12,25781,25786,ACATG
12,26515,26520,ACATG
12,27961,27966,ACATG
12,29139,29144,ACATG
12,29913,29918,ACATG
12,30274,30279,ACATG
12,30641,30646,ACATG
12,30670,30675,ACATG
12,1215,1221,ATATTG
12,12405,12411,ATATTG
12,13192,13198,ATATTG
12,17274,17280,ATATTG
12,17782,17788,ATATTG
12,18306,18312,ATATTG
12,19418,19424,ATATTG
12,21671,21677,ATATTG
12,21860,21866,ATATTG
12,21954,21960,ATATTG
12,22419,22425,ATATTG
12,22602,22608,ATATTG
12,24280,24286,ATATTG
12,24476,24482,ATATTG
12,25896,25902,ATATTG
12,28004,28010,ATATTG
12,29902,29908,ATATTG
12,31409,31415,ATATTG
12,4,9,ATTTA
12,76,81,ATTTA
12,466,471,ATTTA
12,1292,1297,ATTTA
12,1298,1303,ATTTA
12,1338,1343,ATTTA
12,1422,1427,ATTTA
12,1861,1866,ATTTA
12,2071,2076,ATTTA
12,2269,2274,ATTTA
12,2584,2589,ATTTA
12,4074,4079,ATTTA
12,4194,4199,ATTTA
12,4436,4441,ATTTA
12,4554,4559,ATTTA
12,4698,4703,ATTTA
12,4728,4733,ATTTA
12,4983,4988,ATTTA
12,5065,5070,ATTTA
12,5782,5787,ATTTA
12,7208,7213,ATTTA
12,8173,8178,ATTTA
12,8257,8262,ATTTA
12,8488,8493,ATTTA
12,8548,8553,ATTTA
12,8726,8731,ATTTA
12,8758,8763,ATTTA
12,8791,8796,ATTTA
12,8795,8800,ATTTA
12,9287,9292,ATTTA
12,9555,9560,ATTTA
12,10289,10294,ATTTA
12,10691,10696,ATTTA
12,10818,10823,ATTTA
12,11309,11314,ATTTA
12,11541,11546,ATTTA
12,12323,12328,ATTTA
12,12545,12550,ATTTA
12,12568,12573,ATTTA
12,12685,12690,ATTTA
12,12931,12936,ATTTA
12,14010,14015,ATTTA
12,14350,14355,ATTTA
12,14604,14609,ATTTA
12,14923,14928,ATTTA
12,15088,15093,ATTTA
12,15217,15222,ATTTA
12,15300,15305,ATTTA
12,15432,15437,ATTTA
12,15492,15497,ATTTA
12,15901,15906,ATTTA
12,16246,16251,ATTTA
12,16771,16776,ATTTA
12,16909,16914,ATTTA
12,17034,17039,ATTTA
12,17101,17106,ATTTA
12,17357,17362,ATTTA
12,17682,17687,ATTTA
12,17766,17771,ATTTA
12,17923,17928,ATTTA
12,18462,18467,ATTTA
12,18918,18923,ATTTA
12,19021,19026,ATTTA
12,19127,19132,ATTTA
12,19471,19476,ATTTA
12,19718,19723,ATTTA
12,19760,19765,ATTTA
12,19845,19850,ATTTA
12,20090,20095,ATTTA
12,20435,20440,ATTTA
12,20453,20458,ATTTA
12,20583,20588,ATTTA
12,20649,20654,ATTTA
12,20675,20680,ATTTA
12,21091,21096,ATTTA
12,21103,21108,ATTTA
12,21650,21655,ATTTA
12,21738,21743,ATTTA
12,21818,21823,ATTTA
12,22151,22156,ATTTA
12,23081,23086,ATTTA
12,23210,23215,ATTTA
12,23799,23804,ATTTA
12,23873,23878,ATTTA
12,23877,23882,ATTTA
12,24208,24213,ATTTA
12,24244,24249,ATTTA
12,24376,24381,ATTTA
12,25600,25605,ATTTA
12,26028,26033,ATTTA
12,26242,26247,ATTTA
12,26364,26369,ATTTA
12,26546,26551,ATTTA
12,26650,26655,ATTTA
12,26956,26961,ATTTA
12,27143,27148,ATTTA
12,27175,27180,ATTTA
12,28234,28239,ATTTA
12,28606,28611,ATTTA
12,28973,28978,ATTTA
12,29288,29293,ATTTA
12,29483,29488,ATTTA
12,29508,29513,ATTTA
12,29720,29725,ATTTA
12,30057,30062,ATTTA
12,30225,30230,ATTTA
12,30633,30638,ATTTA
12,30956,30961,ATTTA
12,30967,30972,ATTTA
12,31084,31089,ATTTA
12,31291,31296,ATTTA
12,31507,31512,ATTTA
12,31633,31638,ATTTA
12,31705,31710,ATTTA
12,31876,31881,ATTTA
12,32029,32034,ATTTA
12,32320,32325,ATTTA
12,32589,32594,ATTTA
12,32786,32791,ATTTA
12,32982,32987,ATTTA
12,33085,33090,ATTTA
12,33727,33732,ATTTA
12,34506,34511,ATTTA
12,34532,34537,ATTTA
12,34616,34621,ATTTA
12,34663,34668,ATTTA
12,34725,34730,ATTTA
12,34945,34950,ATTTA
12,34987,34992,ATTTA
12,35011,35016,ATTTA
12,35015,35020,ATTTA
12,35098,35103,ATTTA
12,35348,35353,ATTTA
12,35442,35447,ATTTA
12,35620,35625,ATTTA
12,35640,35645,ATTTA
12,35852,35857,ATTTA
12,36079,36084,ATTTA
12,36117,36122,ATTTA
12,36297,36302,ATTTA
12,91,96,TAACA
12,490,495,TAACA
12,1630,1635,TAACA
12,1870,1875,TAACA
12,4054,4059,TAACA
12,4837,4842,TAACA
12,5025,5030,TAACA
12,5078,5083,TAACA
12,5504,5509,TAACA
12,5749,5754,TAACA
12,6021,6026,TAACA
12,6295,6300,TAACA
12,6809,6814,TAACA
12,7319,7324,TAACA
12,7781,7786,TAACA
12,7877,7882,TAACA
12,8168,8173,TAACA
12,9086,9091,TAACA
12,9251,9256,TAACA
12,9558,9563,TAACA
12,9849,9854,TAACA
12,10261,10266,TAACA
12,11069,11074,TAACA
12,11841,11846,TAACA
12,12622,12627,TAACA
12,12975,12980,TAACA
12,13294,13299,TAACA
12,13572,13577,TAACA
12,13581,13586,TAACA
12,13986,13991,TAACA
12,14854,14859,TAACA
12,15904,15909,TAACA
12,15992,15997,TAACA
12,16041,16046,TAACA
12,16340,16345,TAACA
12,16474,16479,TAACA
12,16744,16749,TAACA
12,17106,17111,TAACA
12,17131,17136,TAACA
12,18717,18722,TAACA
12,19053,19058,TAACA
12,20579,20584,TAACA
12,21015,21020,TAACA
12,21514,21519,TAACA
12,21600,21605,TAACA
12,21660,21665,TAACA
12,22664,22669,TAACA
12,23480,23485,TAACA
12,23527,23532,TAACA
12,23562,23567,TAACA
12,23802,23807,TAACA
12,24204,24209,TAACA
12,24414,24419,TAACA
12,24456,24461,TAACA
12,24613,24618,TAACA
12,24656,24661,TAACA
12,24738,24743,TAACA
12,25671,25676,TAACA
12,26209,26214,TAACA
12,26513,26518,TAACA
12,27133,27138,TAACA
12,27293,27298,TAACA
12,27811,27816,TAACA
12,28237,28242,TAACA
12,28645,28650,TAACA
12,28816,28821,TAACA
12,29357,29362,TAACA
12,29681,29686,TAACA
12,30317,30322,TAACA
12,30429,30434,TAACA
12,30614,30619,TAACA
12,30756,30761,TAACA
12,30979,30984,TAACA
12,31090,31095,TAACA
12,32085,32090,TAACA
12,32789,32794,TAACA
12,34010,34015,TAACA
12,34127,34132,TAACA
12,34774,34779,TAACA
12,35755,35760,TAACA
12,35934,35939,TAACA
12,2996,3003,TGTATAT
12,11238,11245,TGTATAT
12,20227,20234,TGTATAT
12,29799,29806,TGTATAT
12,31419,31426,TGTATAT
12,32866,32873,TGTATAT
12,480,486,TCAACA
12,561,567,TCAACA
12,1665,1671,TCAACA
12,3219,3225,TCAACA
12,4267,4273,TCAACA
12,5047,5053,TCAACA
12,6312,6318,TCAACA
12,6621,6627,TCAACA
12,7324,7330,TCAACA
12,8100,8106,TCAACA
12,9314,9320,TCAACA
12,10222,10228,TCAACA
12,10375,10381,TCAACA
12,10384,10390,TCAACA
12,11683,11689,TCAACA
12,11803,11809,TCAACA
12,14186,14192,TCAACA
12,14841,14847,TCAACA
12,15174,15180,TCAACA
12,15231,15237,TCAACA
12,16278,16284,TCAACA
12,17377,17383,TCAACA
12,18156,18162,TCAACA
12,19630,19636,TCAACA
12,23617,23623,TCAACA
12,24074,24080,TCAACA
12,24788,24794,TCAACA
12,25419,25425,TCAACA
12,26309,26315,TCAACA
12,30941,30947,TCAACA
12,32800,32806,TCAACA
12,32950,32956,TCAACA
12,33972,33978,TCAACA
12,34152,34158,TCAACA
12,1379,1384,TGCAT
12,1592,1597,TGCAT
12,1640,1645,TGCAT
12,2240,2245,TGCAT
12,2481,2486,TGCAT
12,3233,3238,TGCAT
12,3769,3774,TGCAT
12,3826,3831,TGCAT
12,3976,3981,TGCAT
12,4431,4436,TGCAT
12,5005,5010,TGCAT
12,5282,5287,TGCAT
12,5423,5428,TGCAT
12,5556,5561,TGCAT
12,6576,6581,TGCAT
12,6605,6610,TGCAT
12,6629,6634,TGCAT
12,7118,7123,TGCAT
12,7160,7165,TGCAT
12,7214,7219,TGCAT
12,8788,8793,TGCAT
12,9843,9848,TGCAT
12,10501,10506,TGCAT
12,10827,10832,TGCAT
12,11306,11311,TGCAT
12,11451,11456,TGCAT
12,11949,11954,TGCAT
12,14783,14788,TGCAT
12,15591,15596,TGCAT
12,15800,15805,TGCAT
12,16625,16630,TGCAT
12,17245,17250,TGCAT
12,18212,18217,TGCAT
12,18230,18235,TGCAT
12,18243,18248,TGCAT
12,18553,18558,TGCAT
12,18736,18741,TGCAT
12,18898,18903,TGCAT
12,18961,18966,TGCAT
12,19656,19661,TGCAT
12,19800,19805,TGCAT
12,20131,20136,TGCAT
12,20364,20369,TGCAT
12,20385,20390,TGCAT
12,20493,20498,TGCAT
12,21418,21423,TGCAT
12,21430,21435,TGCAT
12,21759,21764,TGCAT
12,21806,21811,TGCAT
12,22024,22029,TGCAT
12,22780,22785,TGCAT
12,23337,23342,TGCAT
12,23373,23378,TGCAT
12,23870,23875,TGCAT
12,24274,24279,TGCAT
12,27974,27979,TGCAT
12,28907,28912,TGCAT
12,29312,29317,TGCAT
12,30610,30615,TGCAT
12,31186,31191,TGCAT
12,31415,31420,TGCAT
12,31578,31583,TGCAT
12,31702,31707,TGCAT
12,32128,32133,TGCAT
12,32476,32481,TGCAT
12,33579,33584,TGCAT
12,34398,34403,TGCAT
12,34694,34699,TGCAT
12,35489,35494,TGCAT
12,35725,35730,TGCAT
12,35583,35590,ATTGCAA
12,181,186,TCATT
12,1744,1749,TCATT
12,2287,2292,TCATT
12,2373,2378,TCATT
12,2551,2556,TCATT
12,2991,2996,TCATT
12,3013,3018,TCATT
12,3640,3645,TCATT
12,4469,4474,TCATT
12,4678,4683,TCATT
12,4726,4731,TCATT
12,4848,4853,TCATT
12,5736,5741,TCATT
12,6223,6228,TCATT
12,6814,6819,TCATT
12,6903,6908,TCATT
12,7002,7007,TCATT
12,7035,7040,TCATT
12,7179,7184,TCATT
12,7627,7632,TCATT
12,8911,8916,TCATT
12,8966,8971,TCATT
12,8977,8982,TCATT
12,10366,10371,TCATT
12,10816,10821,TCATT
12,11276,11281,TCATT
12,11785,11790,TCATT
12,11986,11991,TCATT
12,12071,12076,TCATT
12,12638,12643,TCATT
12,12713,12718,TCATT
12,12717,12722,TCATT
12,13208,13213,TCATT
12,13248,13253,TCATT
12,13282,13287,TCATT
12,13366,13371,TCATT
12,14602,14607,TCATT
12,15135,15140,TCATT
12,15407,15412,TCATT
12,15419,15424,TCATT
12,15444,15449,TCATT
12,17071,17076,TCATT
12,17174,17179,TCATT
12,17422,17427,TCATT
12,17680,17685,TCATT
12,17819,17824,TCATT
12,17940,17945,TCATT
12,18340,18345,TCATT
12,18387,18392,TCATT
12,18977,18982,TCATT
12,19606,19611,TCATT
12,19822,19827,TCATT
12,20096,20101,TCATT
12,20104,20109,TCATT
12,20185,20190,TCATT
12,21504,21509,TCATT
12,21522,21527,TCATT
12,21729,21734,TCATT
12,21745,21750,TCATT
12,21764,21769,TCATT
12,21945,21950,TCATT
12,22169,22174,TCATT
12,22280,22285,TCATT
12,22660,22665,TCATT
12,23399,23404,TCATT
12,23457,23462,TCATT
12,23548,23553,TCATT
12,24200,24205,TCATT
12,24374,24379,TCATT
12,24422,24427,TCATT
12,24449,24454,TCATT
12,24944,24949,TCATT
12,25626,25631,TCATT
12,25646,25651,TCATT
12,25809,25814,TCATT
12,25827,25832,TCATT
12,26757,26762,TCATT
12,27187,27192,TCATT
12,27394,27399,TCATT
12,27885,27890,TCATT
12,27987,27992,TCATT
12,28086,28091,TCATT
12,28677,28682,TCATT
12,28921,28926,TCATT
12,29013,29018,TCATT
12,29245,29250,TCATT
12,29476,29481,TCATT
12,29567,29572,TCATT
12,29837,29842,TCATT
12,30055,30060,TCATT
12,30085,30090,TCATT
12,30155,30160,TCATT
12,30223,30228,TCATT
12,30244,30249,TCATT
12,30334,30339,TCATT
12,30482,30487,TCATT
12,30809,30814,TCATT
12,30911,30916,TCATT
12,30949,30954,TCATT
12,30954,30959,TCATT
12,31065,31070,TCATT
12,31082,31087,TCATT
12,31262,31267,TCATT
12,31358,31363,TCATT
12,31929,31934,TCATT
12,32282,32287,TCATT
12,32334,32339,TCATT
12,32633,32638,TCATT
12,32757,32762,TCATT
12,32885,32890,TCATT
12,33114,33119,TCATT
12,33394,33399,TCATT
12,33775,33780,TCATT
12,33912,33917,TCATT
12,33916,33921,TCATT
12,34234,34239,TCATT
12,34447,34452,TCATT
12,34943,34948,TCATT
12,35528,35533,TCATT
12,35919,35924,TCATT
12,36042,36047,TCATT
12,36108,36113,TCATT
12,36183,36188,TCATT
12,36295,36300,TCATT
